Order_ID,Order_Date,Region,Customer_Segment,Category,Sub_Category,Quantity,Discount,Sales,Profit
ORD-11683,08-09-2024,north,Corporate,Office Supplies,Paper,4,0.1,97.74,9.2
ORD-11006,24-11-2025,North,Consumer,Office Supplies,Paper,6,0.1,189.41,15.4
ORD-11008,20-09-2024,East,Consumer,Office Supplies,Storage,5,0.0,480.62,163.34
ORD-11921,19-09-2024,West,Small Business,Office Supplies,Paper,3,0.2,71.63,9.01
ORD-10894,09-02-2024,South,Corporate,Technology,Printers,8,0.0,1984.46,515.14
ORD-11897,16-04-2024,North,Consumer,Office Supplies,Art,5,0.0,88.92,21.42
ORD-10406,07-08-2025,Central,Consumer,Technology,Accessories,5,0.2,412.13,57.72
ORD-10527,28-12-2024,South,Consumer,Furniture,Chairs,1,0.0,255.71,69.67
ORD-10372,28-06-2024,East,Consumer,Office Supplies,Paper,4,0.1,101.25,10.57
ORD-11396,20-07-2024,Central,Corporate,Furniture,Bookcases,6,0.1,1409.02,176.04
ORD-11667,03-08-2025,West,Corporate,Furniture,Tables,8,0.3,3079.32,236.4
ORD-10389,30-06-2024,north,Corporate,Furniture,Furnishings,3,0.1,188.83,47.96
ORD-11709,24-08-2024,West,Consumer,Technology,Accessories,3,0.1,200.71,26.01
ORD-11823,06-05-2024,North ,,Technology,Laptops,6,0.0,5628.82,1712.89
ORD-10771,28-07-2025,North,Small Business,Furniture,Tables,8,0.3,3606.48,-251.54
ORD-11234,10-09-2025,East,Consumer,Technology,Phones,1,0.0,444.7,122.76
ORD-11980,29-07-2024,West,Small Business,Office Supplies,Binders,5,0.2,130.69,12.86
ORD-10823,12-04-2025,North,Consumer,Office Supplies,Paper,8,0.0,195.08,60.15
ORD-11736,11-08-2024,South,Consumer,Technology,Accessories,7,0.0,449.57,134.88
ORD-10918,24-01-2024,Central,Consumer,Office Supplies,Binders,6,0.0,164.75,36.73
ORD-11322,07-10-2024,South,Corporate,Furniture,Bookcases,3,0.2,931.48,5.79
ORD-11899,07-09-2024,East,Consumer,Office Supplies,Binders,8,0.0,280.85,51.61
ORD-11505,28-11-2024,West,Small Business,Technology,Accessories,4,0.0,467.0,151.41
ORD-10056,28-06-2024,West,Consumer,Furniture,Tables,7,0.5,1882.25,-301.87
ORD-10396,23-12-2024,Central,Consumer,Technology,Laptops,8,0.0,10490.56,3061.03
ORD-10643,16-03-2025,North,Corporate,Office Supplies,Storage,7,0.1,792.63,181.58
ORD-11472,15-02-2024,North,Consumer,Office Supplies,Binders,4,0.0,111.69,32.77
ORD-10845,13-06-2025,NORTH,Consumer,Furniture,Bookcases,1,0.0,398.12,111.4
ORD-10840,07-10-2024,Central,Corporate,Technology,Phones,2,0.1,919.24,64.64
ORD-11978,23-02-2024,Central,Corporate,Office Supplies,Binders,5,0.0,166.38,51.54
ORD-10697,22-09-2025,Central,Consumer,Technology,Phones,5,0.1,1882.66,332.66
ORD-11981,08-09-2024,North,Consumer,Office Supplies,Paper,1,0.1,22.27,5.39
ORD-11325,28-04-2024,West,Corporate,Office Supplies,Paper,2,0.1,51.83,9.09
ORD-10713,30-08-2024,North,Small Business,Office Supplies,Storage,6,0.1,567.32,87.2
ORD-10955,18-03-2025,,Small Business,Technology,Laptops,7,0.0,7851.76,2160.76
ORD-11053,11-01-2024,Central,Small Business,Technology,Accessories,6,0.1,480.37,109.42
ORD-11626,10-01-2024,East,Consumer,Technology,Printers,3,0.0,828.53,275.76
ORD-10087,06-09-2024,South,Consumer,Furniture,Tables,6,0.5,1565.36,-376.83
ORD-10674,24-11-2025,East,Corporate,Office Supplies,Art,7,0.1,143.24,17.38
ORD-10111,12-10-2025,,Consumer,Furniture,Tables,7,0.3,3406.87,246.35
ORD-11704,25-10-2024,Central,Consumer,Office Supplies,Paper,7,0.1,190.71,41.42
ORD-10861,31-12-2025,North,Consumer,Technology,Phones,2,0.0,974.87,246.24
ORD-11340,06-10-2024,Central,Consumer,Furniture,Furnishings,1,0.0,75.22,19.08
ORD-10186,05-11-2025,Central,Corporate,Office Supplies,Storage,2,0.0,369.51,121.86
ORD-10386,23-06-2025,Central,Consumer,Office Supplies,Art,4,0.0,56.07,8.54
ORD-11020,05-08-2025,East,Consumer,Furniture,Bookcases,4,0.0,1286.57,261.42
ORD-10995,05-01-2025,Central,Consumer,Office Supplies,Paper,5,0.0,158.07,32.19
ORD-11579,01-03-2024,West,Consumer,Technology,Phones,3,0.1,1131.05,217.17
ORD-10047,14-03-2025,North,Corporate,Technology,Accessories,2,0.0,210.11,36.44
ORD-11240,26-09-2025,East,Small Business,Technology,Accessories,5,0.0,504.94,77.05
ORD-11289,17-03-2025,NORTH,Consumer,Furniture,Furnishings,8,0.1,471.92,77.83
ORD-11201,06-11-2024,North,Consumer,Technology,Phones,6,0.0,3018.89,532.24
ORD-11348,18-06-2024,East,Consumer,Office Supplies,Art,7,0.1,94.07,16.34
ORD-11044,03-10-2024,Central,Consumer,Office Supplies,Binders,2,0.0,91.66,20.39
ORD-11166,04-07-2025,Central,Consumer,Technology,Printers,6,0.1,1811.33,370.0
ORD-11603,08-08-2025,West,Small Business,Technology,Laptops,1,0.0,1157.28,284.76
ORD-11145,25-02-2024,East,Small Business,Office Supplies,Binders,7,0.0,223.15,64.21
ORD-11955,11-10-2025,East,Consumer,Office Supplies,Binders,5,0.0,257.99,72.22
ORD-11848,09-04-2024,,Corporate,Technology,Laptops,1,0.0,1021.77,301.55
ORD-10108,08-09-2024,North,Small Business,Office Supplies,Paper,3,0.0,,22.9
ORD-10536,11-03-2024,North,Consumer,Technology,Printers,2,0.1,450.52,78.75
ORD-11015,29-12-2024,North,Consumer,Office Supplies,Art,6,0.0,129.92,29.07
ORD-10851,03-08-2024,West,Corporate,Office Supplies,Art,1,0.0,13.71,2.81
ORD-11162,10-02-2025,East,Consumer,Office Supplies,Paper,3,0.0,86.0,21.11
ORD-10194,24-01-2024,East,Consumer,Technology,Accessories,5,0.2,311.89,20.98
ORD-11766,17-10-2025,North,Corporate,Technology,Printers,2,0.1,651.39,121.74
ORD-11641,10-05-2024,North,Consumer,Office Supplies,Art,5,0.0,68.86,16.98
ORD-10181,21-04-2025,North,Corporate,Furniture,Tables,5,0.4,1852.4,-229.3
ORD-10916,10-07-2024,South,Corporate,Furniture,Furnishings,3,0.0,,48.36
ORD-10985,22-02-2025,north,,Technology,Printers,2,0.2,379.9,61.0
ORD-10737,03-03-2025,Central,Consumer,Office Supplies,Art,3,0.0,40.51,11.21
ORD-10414,30-04-2024,North,Consumer,Furniture,Tables,1,0.3,316.36,-16.97
ORD-11048,11-04-2024,North,Consumer,Office Supplies,Paper,3,0.0,66.87,18.36
ORD-11876,20-06-2024,Central,Small Business,Office Supplies,Storage,2,0.0,281.89,72.66
ORD-10275,15-09-2025,South,Consumer,Technology,Accessories,1,0.0,92.18,30.42
ORD-11749,21-06-2024,Central,Consumer,Office Supplies,Storage,3,0.0,304.5,64.72
ORD-11947,08-06-2024,South,Corporate,Office Supplies,Paper,7,0.1,134.64,26.22
ORD-11172,29-12-2024,West,Consumer,Technology,Laptops,4,0.1,4460.52,282.15
ORD-10120,24-03-2025,South,Corporate,Office Supplies,Paper,8,0.0,264.59,46.98
ORD-10766,19-08-2025,West,Consumer,Furniture,Tables,7,0.5,1561.5,-304.92
ORD-11368,08-07-2024,East,Corporate,Technology,Laptops,4,0.0,3949.23,1129.7
ORD-11009,30-10-2025,South,,Furniture,Chairs,6,0.1,1672.07,332.49
ORD-10403,26-10-2024,North,Small Business,Technology,Laptops,8,0.1,7635.05,1142.9
ORD-11089,23-09-2024,North,Consumer,Office Supplies,Art,3,0.0,52.99,9.59
ORD-10534,06-11-2024,East,Consumer,Office Supplies,Paper,4,0.1,144.19,13.31
ORD-11986,11-11-2024,East,Small Business,Office Supplies,Art,7,0.0,127.81,36.06
ORD-11881,24-05-2024,north,Consumer,Furniture,Tables,3,0.4,845.25,-70.15
ORD-10824,15-09-2024,East,Consumer,Office Supplies,Storage,8,0.1,822.06,82.98
ORD-10857,09-01-2024,East,Small Business,Office Supplies,Paper,1,0.0,24.42,5.49
ORD-10486,09-03-2025,South,Corporate,Technology,Laptops,3,0.0,2449.17,800.07
ORD-11204,23-06-2025,North,Corporate,Office Supplies,Paper,3,0.0,83.14,26.53
ORD-11714,09-08-2025,North,Small Business,Office Supplies,Storage,7,0.1,700.93,112.15
ORD-10675,31-01-2024,Central,Consumer,Office Supplies,Paper,5,0.0,121.97,40.66
ORD-10948,08-10-2024,South,Consumer,Technology,Printers,4,0.0,1323.59,305.17
ORD-10258,17-12-2024,north,Corporate,Office Supplies,Art,5,0.0,104.16,31.03
ORD-10821,23-03-2024,East,Small Business,Technology,Phones,6,0.0,2087.86,502.02
ORD-11287,27-04-2025,West,Small Business,Office Supplies,Art,3,0.0,50.61,13.42
ORD-10480,20-11-2025,North,Consumer,Office Supplies,Art,3,0.0,62.85,13.42
ORD-11573,27-03-2025,West,Small Business,Office Supplies,Art,2,0.0,37.8,10.26
ORD-10729,14-01-2025,South,Corporate,Office Supplies,Art,7,0.1,99.35,20.91
ORD-11604,22-02-2025,NORTH,Consumer,Office Supplies,Binders,4,0.0,153.61,34.97
ORD-11265,08-06-2025,West,Consumer,Technology,Phones,3,0.0,965.35,172.77
ORD-11912,24-09-2025,North,Consumer,Furniture,Bookcases,3,0.0,937.98,167.27
ORD-10927,14-03-2024,East,Small Business,Technology,Phones,5,0.0,1765.52,353.48
ORD-10810,05-12-2024,South,Small Business,Furniture,Furnishings,1,0.1,76.17,16.35
ORD-10692,05-03-2025,North,Corporate,Office Supplies,Binders,7,0.0,244.8,57.61
ORD-11117,24-05-2024,West,Corporate,Office Supplies,Storage,5,0.2,399.16,59.29
ORD-10650,24-07-2025,West,,Office Supplies,Storage,2,0.1,263.63,25.72
ORD-11770,21-12-2024,East,Consumer,Office Supplies,Paper,2,0.0,70.47,13.75
ORD-11662,12-09-2024,East,Corporate,Technology,Phones,8,0.0,2765.21,513.52
ORD-11576,27-02-2024,East,Small Business,Office Supplies,Storage,6,0.0,803.09,142.94
ORD-11272,18-11-2025,West,Small Business,Office Supplies,Paper,6,0.2,171.34,17.52
ORD-10102,17-10-2025,East,Corporate,Office Supplies,Binders,2,0.0,103.62,34.58
ORD-10421,31-10-2024,North,Consumer,Office Supplies,Paper,7,0.0,189.34,32.55
ORD-10895,07-10-2024,East,Consumer,Technology,Accessories,1,0.0,113.05,31.78
ORD-10620,01-01-2025,South,,Technology,Printers,1,0.0,252.45,77.94
ORD-11830,02-03-2025,East,Small Business,Furniture,Furnishings,4,0.0,243.95,45.65
ORD-11250,09-09-2024,NORTH,Consumer,Office Supplies,Binders,8,0.0,218.28,75.34
ORD-11642,13-06-2024,West,Consumer,Furniture,Furnishings,6,0.0,431.68,87.21
ORD-11651,02-11-2025,North,Corporate,Office Supplies,Art,1,0.0,22.28,4.37
ORD-11824,14-06-2024,North,Corporate,Office Supplies,Binders,1,0.1,24.93,6.3
ORD-11818,04-04-2025,West,Corporate,Furniture,Chairs,4,0.0,993.32,211.11
ORD-10040,16-05-2025,South,Consumer,Technology,Printers,4,0.0,1055.99,259.33
ORD-11863,21-01-2025,Central,Small Business,Office Supplies,Art,5,0.0,70.31,23.29
ORD-11636,26-01-2024,North,Corporate,Office Supplies,Paper,4,0.0,92.92,21.03
ORD-10705,25-04-2025,East,Consumer,Office Supplies,Paper,5,0.2,118.76,18.49
ORD-10428,19-07-2024,North,Consumer,Furniture,Furnishings,3,0.0,147.09,42.54
ORD-11923,09-02-2024,West,Consumer,Technology,Phones,6,0.1,1831.91,334.81
ORD-11559,26-10-2024,West,Corporate,Office Supplies,Storage,8,0.1,1260.98,245.68
ORD-10592,29-12-2025,north,Consumer,Technology,Phones,3,0.1,1425.36,305.19
ORD-11716,23-06-2025,North,Small Business,Furniture,Chairs,6,0.0,1463.11,333.58
ORD-10002,11-10-2025,South,Small Business,Furniture,Chairs,5,0.1,1693.05,358.28
ORD-10236,22-03-2024,East,Corporate,Office Supplies,Storage,8,0.0,986.43,257.32
ORD-10008,27-02-2024,South,Consumer,Technology,Printers,5,0.0,1370.05,358.74
ORD-10169,12-11-2025,East,Consumer,Office Supplies,Art,7,0.0,151.87,36.48
ORD-10048,01-06-2024,South,Consumer,Technology,Printers,7,0.1,1529.0,324.92
ORD-10348,05-11-2025,East,Small Business,Office Supplies,Binders,6,0.1,261.07,67.52
ORD-11194,08-03-2024,North,Consumer,Office Supplies,Binders,4,0.0,139.23,30.92
ORD-10231,11-12-2025,North,Consumer,Furniture,Bookcases,3,0.2,1264.08,46.05
ORD-11446,24-01-2025,West,Consumer,Office Supplies,Art,4,0.2,63.16,10.24
ORD-11094,17-02-2024,,Consumer,Technology,Accessories,4,0.0,306.35,52.43
ORD-10134,30-07-2024,West,Consumer,Furniture,Furnishings,4,0.2,211.17,16.11
ORD-11047,04-01-2024,North,Consumer,Technology,Laptops,2,0.0,1938.85,506.93
ORD-10126,26-11-2024,NORTH,Small Business,Technology,Laptops,4,0.0,4931.09,869.6
ORD-10968,28-07-2024,East,Consumer,Office Supplies,Binders,3,0.2,68.8,6.78
ORD-11789,20-10-2025,South,Consumer,Technology,Phones,8,0.2,2856.76,8.49
ORD-10119,28-12-2024,West,Small Business,Office Supplies,Storage,6,0.0,820.64,171.48
ORD-11987,10-05-2024,West,Consumer,Technology,Accessories,6,0.1,382.68,23.63
ORD-10885,27-12-2024,North,Consumer,Technology,Accessories,8,0.0,748.85,203.08
ORD-10366,08-03-2024,West,Corporate,Furniture,Furnishings,1,0.0,56.43,16.27
ORD-10920,13-10-2025,North,Small Business,Office Supplies,Storage,7,0.2,913.95,75.17
ORD-11028,06-07-2024,East,Consumer,Technology,Printers,2,0.1,555.07,127.29
ORD-10957,15-03-2025,East,Corporate,Office Supplies,Storage,8,0.0,1090.17,349.6
ORD-10325,12-06-2025,North,Consumer,Office Supplies,Storage,1,0.0,135.46,21.68
ORD-10110,19-04-2024,,Consumer,Office Supplies,Storage,8,0.0,965.6,298.57
ORD-11109,14-02-2024,Central,Corporate,Office Supplies,Storage,4,0.0,487.7,146.97
ORD-11479,26-03-2024,East,Consumer,Technology,Phones,5,0.0,1862.55,520.67
ORD-10761,26-06-2024,West,Corporate,Office Supplies,Binders,7,0.0,,33.43
ORD-10435,13-11-2025,South,Consumer,Furniture,Furnishings,1,0.0,106.57,29.13
ORD-10270,09-01-2025,North,Consumer,Technology,Phones,7,0.2,2177.46,141.48
ORD-11794,05-02-2024,South,Corporate,Office Supplies,Art,4,0.0,68.58,15.38
ORD-10347,25-05-2024,West,Consumer,Office Supplies,Art,4,0.1,58.68,10.27
ORD-10415,16-08-2024,West,Corporate,Office Supplies,Storage,4,0.2,458.07,-0.68
ORD-10223,17-01-2025,West,Small Business,Office Supplies,Storage,3,0.1,317.67,80.09
ORD-11219,26-08-2025,South,Consumer,Furniture,Furnishings,8,0.1,580.08,125.49
ORD-10177,19-03-2025,North,Corporate,Office Supplies,Art,6,0.0,97.78,22.83
ORD-10899,27-07-2024,North,Corporate,Furniture,Furnishings,6,0.0,336.68,84.29
ORD-10535,24-07-2024,South,Corporate,Office Supplies,Art,6,0.2,77.62,0.48
ORD-11086,24-11-2025,North,Corporate,Office Supplies,Art,3,0.2,50.69,1.2
ORD-11510,03-06-2025,East,Corporate,Furniture,Tables,1,0.5,229.26,-29.91
ORD-11498,22-01-2025,North,Consumer,Furniture,Chairs,2,0.0,494.31,134.73
ORD-11274,13-05-2024,East,,Technology,Printers,6,0.0,1806.34,582.9
ORD-11593,11-10-2024,West,Corporate,Office Supplies,Paper,8,0.0,270.99,80.61
ORD-10375,02-10-2024,South,Corporate,Office Supplies,Binders,6,0.0,231.36,72.42
ORD-10926,19-01-2025,Central,Consumer,Office Supplies,Storage,4,0.0,435.87,151.4
ORD-11237,09-01-2025,West,Corporate,Office Supplies,Art,5,0.0,,26.96
ORD-10453,11-05-2025,West,Corporate,Technology,Accessories,1,0.0,98.79,31.05
ORD-11526,14-11-2024,North,Small Business,Furniture,Chairs,7,0.1,1580.33,231.08
ORD-11065,06-07-2025,South,Consumer,Technology,Accessories,6,0.0,632.08,110.93
ORD-11358,03-04-2024,West,Consumer,Furniture,Chairs,6,0.2,864.37,90.12
ORD-10982,04-11-2024,North,Consumer,Technology,Phones,2,0.1,979.8,198.69
ORD-10301,11-12-2025,South,Consumer,Technology,Accessories,2,0.1,235.86,28.66
ORD-11450,09-11-2024,East,Corporate,Office Supplies,Art,4,0.0,73.85,14.33
ORD-10598,16-05-2024,South,Small Business,Technology,Printers,1,0.0,310.92,68.75
ORD-11241,03-06-2024,West,Corporate,Office Supplies,Art,2,0.1,29.61,5.12
ORD-10802,28-04-2025,South,Consumer,Furniture,Chairs,5,0.1,929.51,147.16
ORD-11855,15-08-2024,West,Small Business,Office Supplies,Paper,3,0.1,68.9,14.1
ORD-11262,24-06-2024,North,Consumer,Furniture,Furnishings,8,0.0,504.8,90.47
ORD-11690,04-07-2025,,Small Business,Technology,Phones,6,0.0,2347.69,443.05
ORD-11027,26-05-2024,West,Consumer,Technology,Accessories,4,0.0,367.83,107.16
ORD-11327,31-03-2025,East,Consumer,Technology,Printers,3,0.0,929.06,226.93
ORD-11871,23-11-2025,,Consumer,Office Supplies,Art,8,0.1,163.18,37.46
ORD-10587,02-02-2024,South,Small Business,Office Supplies,Art,3,0.0,50.84,11.84
ORD-11323,02-02-2024,East,Corporate,Technology,Phones,1,0.2,242.11,-2.27
ORD-11680,22-01-2024,South,Consumer,Furniture,Furnishings,3,0.0,196.78,38.68
ORD-10745,07-03-2025,Central,Corporate,Technology,Phones,6,0.0,2220.65,423.22
ORD-10813,21-04-2025,West,Small Business,Office Supplies,Paper,7,0.0,204.03,44.71
ORD-10614,23-08-2025,West,Consumer,Furniture,Tables,6,0.4,1900.34,-243.81
ORD-10634,27-04-2025,East,Corporate,Technology,Laptops,8,0.0,6502.54,1626.42
ORD-11379,29-10-2025,South,Small Business,Furniture,Chairs,2,0.0,776.51,163.69
ORD-10137,24-04-2025,North,Corporate,Office Supplies,Storage,2,0.0,286.32,61.65
ORD-11729,17-09-2024,South,Corporate,Office Supplies,Art,4,0.1,46.03,10.38
ORD-10161,05-05-2024,Central,Consumer,Office Supplies,Storage,7,0.0,971.13,238.14
ORD-11068,13-10-2025,South,Consumer,Furniture,Bookcases,7,0.0,2759.87,470.31
ORD-10868,29-10-2024,West,Consumer,Technology,Printers,7,0.1,2618.06,472.17
ORD-11860,22-01-2025,North,Consumer,Technology,Printers,3,0.0,848.63,212.14
ORD-10898,16-01-2024,East,Corporate,Technology,Printers,4,0.0,1153.5,392.2
ORD-11967,03-03-2024,East,Small Business,Office Supplies,Storage,5,0.1,455.03,90.05
ORD-10660,08-12-2025,East,Corporate,Technology,Phones,2,0.0,930.11,233.74
ORD-11043,01-12-2025,Central,Corporate,Furniture,Furnishings,7,0.0,585.52,160.86
ORD-10769,22-04-2025,,Consumer,Technology,Accessories,3,0.0,274.12,89.03
ORD-10512,04-06-2025,South,Consumer,Office Supplies,Binders,5,0.1,176.88,21.62
ORD-10192,26-08-2024,West,Corporate,Office Supplies,Art,4,0.0,60.97,13.06
ORD-11763,13-02-2024,West,Corporate,Furniture,Chairs,7,0.1,1195.9,269.85
ORD-11545,19-06-2025,South,Corporate,Office Supplies,Storage,8,0.1,979.56,218.04
ORD-10304,03-01-2024,East,Small Business,Furniture,Tables,4,0.3,1264.5,41.49
ORD-10703,01-05-2025,North,Small Business,Office Supplies,Art,6,0.0,114.08,24.86
ORD-11985,23-09-2025,Central,Corporate,Technology,Phones,3,0.0,955.65,306.78
ORD-10282,19-02-2024,North,Corporate,Office Supplies,Art,3,0.2,30.16,3.74
ORD-11725,19-01-2024,South,Small Business,Furniture,Chairs,7,0.0,1580.81,411.51
ORD-10736,23-11-2024,East,Consumer,Office Supplies,Storage,6,0.0,998.69,247.58
ORD-10563,18-09-2025,South,Corporate,Technology,Printers,8,0.1,1919.77,118.01
ORD-10303,25-08-2024,West,Small Business,Technology,Phones,1,0.0,353.04,95.19
ORD-11100,16-09-2025,North,Corporate,Office Supplies,Art,2,0.1,31.06,4.82
ORD-10868,29-10-2024,West,Consumer,Technology,Printers,7,0.1,2618.06,472.17
ORD-10537,19-07-2024,Central,Corporate,Technology,Phones,3,0.0,1146.29,295.78
ORD-11665,23-06-2025,North,Corporate,Technology,Laptops,3,0.2,2817.88,3.99
ORD-10700,08-04-2024,,Consumer,Office Supplies,Storage,3,0.2,235.01,12.07
ORD-10859,28-07-2025,North,Consumer,Office Supplies,Art,7,0.0,101.06,30.36
ORD-10757,29-07-2025,North,Small Business,Office Supplies,Art,7,0.1,122.64,9.02
ORD-11347,01-01-2024,East,Small Business,Technology,Laptops,7,0.0,7360.8,2108.83
ORD-10961,09-06-2025,Central,Small Business,Office Supplies,Paper,2,0.0,46.72,8.25
ORD-10241,25-11-2024,North,Consumer,Office Supplies,Paper,5,0.0,147.21,24.88
ORD-10549,28-12-2025,East,Small Business,Office Supplies,Paper,3,0.1,93.69,16.03
ORD-10799,09-04-2025,South,Small Business,Office Supplies,Paper,6,0.0,161.49,37.19
ORD-10992,15-12-2024,South,Consumer,Furniture,Bookcases,6,0.1,2197.92,427.47
ORD-11132,01-11-2025,Central,Small Business,Technology,Accessories,8,0.1,938.6,174.19
ORD-11290,16-01-2024,South,Corporate,Office Supplies,Binders,1,0.0,27.5,7.05
ORD-10075,14-09-2025,West,Consumer,Office Supplies,Paper,6,0.2,134.66,11.77
ORD-10190,18-04-2024,North,Small Business,Furniture,Chairs,2,0.0,512.59,141.06
ORD-11273,23-08-2024,West,Corporate,Furniture,Chairs,6,0.0,1396.46,369.01
ORD-11017,21-01-2025,East,Consumer,Furniture,Chairs,1,0.1,226.42,32.94
ORD-11663,28-08-2024,West,Corporate,Office Supplies,Binders,1,0.0,24.72,6.2
ORD-10572,08-09-2024,West,Consumer,Furniture,Bookcases,6,0.1,1792.39,293.8
ORD-10579,07-07-2025,West,Consumer,Furniture,Chairs,4,0.1,765.34,168.07
ORD-11865,21-10-2024,West,Consumer,Furniture,Chairs,1,0.1,220.58,14.26
ORD-11463,26-03-2024,South,Consumer,Office Supplies,Paper,4,0.0,114.88,39.21
ORD-10887,14-10-2024,East,Consumer,Technology,Accessories,7,0.0,719.42,126.52
ORD-11386,15-12-2025,Central,Small Business,Office Supplies,Paper,6,0.2,177.81,10.27
ORD-11271,11-03-2025,Central,Corporate,Furniture,Bookcases,2,0.0,732.34,217.14
ORD-11672,24-03-2024,North,Small Business,Furniture,Tables,6,0.5,1423.98,-157.13
ORD-10125,30-06-2024,West,Corporate,Technology,Laptops,6,0.0,4848.76,1638.9
ORD-11292,26-06-2024,West,Consumer,Furniture,Tables,1,0.3,361.98,-6.03
ORD-11471,25-07-2024,Central,Small Business,Furniture,Furnishings,3,0.2,125.67,15.86
ORD-10382,18-12-2024,East,Corporate,Furniture,Tables,8,0.3,3844.75,248.27
ORD-11561,15-04-2025,West,Consumer,Office Supplies,Art,3,0.0,45.1,10.85
ORD-10993,14-09-2024,North,Corporate,Furniture,Bookcases,5,0.0,1477.26,277.53
ORD-10292,14-05-2025,South,Corporate,Technology,Laptops,3,0.0,2922.59,963.51
ORD-11082,19-12-2025,,Corporate,Office Supplies,Paper,6,0.2,153.42,23.13
ORD-11482,16-11-2025,South,Corporate,Furniture,Tables,2,0.4,,-56.59
ORD-11267,19-07-2025,Central,Corporate,Technology,Phones,8,0.1,2412.57,191.79
ORD-10986,20-07-2024,East,Consumer,Furniture,Furnishings,7,0.1,329.21,43.03
ORD-10329,25-11-2025,Central,Small Business,Office Supplies,Storage,7,0.0,1437.3,230.92
ORD-11903,23-07-2024,West,Consumer,Furniture,Bookcases,6,0.1,1877.94,461.77
ORD-10037,01-07-2024,East,Consumer,Furniture,Tables,2,0.3,691.15,-31.29
ORD-10812,14-07-2024,South,Corporate,Technology,Accessories,1,0.1,84.43,14.55
ORD-11467,10-03-2024,North,Corporate,Office Supplies,Paper,5,0.1,120.02,28.03
ORD-11206,16-09-2024,West,Consumer,Office Supplies,Storage,3,0.1,295.72,23.28
ORD-10331,14-06-2024,South,Corporate,Furniture,Tables,1,0.3,342.53,-2.51
ORD-10285,07-11-2024,South,Corporate,Office Supplies,Binders,8,0.0,301.68,70.46
ORD-11938,22-04-2024,North,Consumer,Office Supplies,Paper,5,0.0,124.13,39.15
ORD-10368,13-09-2025,East,Consumer,Office Supplies,Storage,6,0.1,777.87,201.97
ORD-11842,15-02-2025,West,Consumer,Office Supplies,Binders,3,0.0,88.99,27.43
ORD-10370,31-05-2024,South,Corporate,Furniture,Chairs,7,0.0,1256.61,328.9
ORD-10654,09-01-2024,North,Consumer,Furniture,Tables,1,0.4,267.06,-22.61
ORD-11153,07-11-2025,South,Consumer,Technology,Accessories,4,0.0,578.72,101.38
ORD-11673,11-02-2025,North,Corporate,Technology,Laptops,6,0.0,6535.69,1561.72
ORD-11026,19-11-2025,Central,Corporate,Technology,Laptops,8,0.0,8936.49,1498.06
ORD-10904,11-10-2024,South,Consumer,Technology,Accessories,2,0.0,258.82,75.54
ORD-11058,11-02-2025,South,Corporate,Office Supplies,Binders,8,0.0,287.82,43.3
ORD-11546,31-01-2024,East,Corporate,Furniture,Furnishings,5,0.0,291.22,48.34
ORD-11296,26-08-2024,NORTH,Small Business,Furniture,Chairs,4,0.0,813.43,224.44
ORD-10202,24-06-2024,South,Consumer,Furniture,Tables,4,0.4,1266.27,-58.11
ORD-10828,19-05-2024,South,Consumer,Furniture,Bookcases,6,0.1,1334.45,151.71
ORD-11867,31-07-2024,East,Corporate,Office Supplies,Binders,4,0.2,110.02,15.35
ORD-10060,29-09-2025,East,Corporate,Office Supplies,Binders,6,0.2,138.39,4.19
ORD-10730,08-03-2024,East,Consumer,Technology,Accessories,1,0.0,81.59,22.03
ORD-10997,05-05-2025,Central,Consumer,Office Supplies,Storage,5,0.0,617.79,177.07
ORD-11435,12-10-2024,East,Consumer,Technology,Accessories,5,0.0,596.67,114.33
ORD-10309,16-09-2025,West,Consumer,Furniture,Bookcases,5,0.0,1501.72,353.28
ORD-11387,23-05-2025,North,Consumer,Technology,Laptops,2,0.1,1930.88,257.17
ORD-11540,30-04-2025,South,Consumer,Technology,Accessories,6,0.1,579.47,83.13
ORD-11090,04-04-2024,North,Corporate,Furniture,Bookcases,4,0.1,1179.59,233.04
ORD-10351,07-12-2024,East,Corporate,Office Supplies,Binders,4,0.0,169.41,38.92
ORD-11334,03-07-2025,Central,,Office Supplies,Binders,6,0.0,239.54,47.07
ORD-10500,05-01-2025,East,Small Business,Furniture,Chairs,3,0.0,597.32,169.17
ORD-11228,02-03-2024,Central,,Office Supplies,Art,6,0.0,77.76,13.24
ORD-11036,03-01-2024,West,Corporate,Office Supplies,Storage,1,0.0,120.34,23.23
ORD-11678,03-12-2024,West,Consumer,Technology,Phones,5,0.1,2294.35,313.01
ORD-10297,09-11-2024,East,Consumer,Furniture,Tables,6,0.4,2517.85,-482.02
ORD-10098,06-02-2025,South,Consumer,Technology,Laptops,4,0.0,4582.29,982.89
ORD-11701,07-08-2025,North,Corporate,Technology,Phones,7,0.1,2153.43,264.24
ORD-10260,16-06-2025,South,Small Business,Furniture,Tables,2,0.3,885.88,45.99
ORD-11032,13-08-2025,Central,Consumer,Office Supplies,Storage,3,0.0,373.91,105.39
ORD-10158,07-10-2024,East,Consumer,Office Supplies,Storage,5,0.0,878.21,140.42
ORD-11118,08-02-2025,South,Corporate,Office Supplies,Binders,6,0.1,206.38,33.17
ORD-11226,22-10-2024,East,Consumer,Office Supplies,Paper,1,0.2,31.6,5.32
ORD-11614,13-07-2025,West,Corporate,Technology,Phones,1,0.2,293.93,31.82
ORD-10321,27-05-2024,North,Consumer,Furniture,Furnishings,1,0.0,60.95,16.11
ORD-10779,03-12-2025,South,Corporate,Furniture,Furnishings,6,0.0,458.27,93.72
ORD-11158,21-04-2024,Central,Corporate,Furniture,Furnishings,3,0.0,172.7,53.47
ORD-11264,22-11-2024,North,Corporate,Office Supplies,Art,5,0.0,113.84,31.47
ORD-10636,26-07-2025,West,Consumer,Technology,Printers,7,0.0,2114.73,605.78
ORD-11595,01-02-2024,Central,Consumer,Technology,Phones,7,0.2,2004.38,112.2
ORD-11840,05-02-2025,East,Corporate,Technology,Printers,4,0.0,1260.51,402.91
ORD-10679,03-01-2024,South,Small Business,Furniture,Furnishings,3,0.0,167.38,40.35
ORD-10082,20-04-2025,West,Consumer,Technology,Phones,7,0.1,2524.39,618.32
ORD-11992,11-10-2025,East,Corporate,Technology,Accessories,1,0.1,94.66,16.48
ORD-11911,22-03-2025,West,Consumer,Office Supplies,Storage,7,0.0,999.92,303.45
ORD-10541,28-08-2025,South,Corporate,Technology,Printers,5,0.0,1613.72,489.88
ORD-10104,24-08-2025,North,Corporate,Technology,Accessories,3,0.0,218.25,33.57
ORD-10589,30-01-2024,North,Small Business,Office Supplies,Paper,1,0.1,22.46,3.76
ORD-11850,15-08-2024,West,Small Business,Office Supplies,Art,6,0.0,80.71,25.55
ORD-11364,30-09-2025,North,Consumer,Office Supplies,Art,5,0.0,86.7,13.06
ORD-10612,20-05-2025,West,Small Business,Technology,Accessories,8,0.0,635.11,154.17
ORD-11968,23-11-2025,South,,Office Supplies,Storage,4,0.0,684.41,218.46
ORD-11858,14-10-2024,Central,Corporate,Furniture,Furnishings,2,0.0,154.33,41.62
ORD-11422,09-10-2024,South,Consumer,Furniture,Furnishings,6,0.1,493.97,58.7
ORD-11457,15-01-2024,South,Consumer,Office Supplies,Storage,5,0.0,678.34,228.84
ORD-10816,01-06-2025,North,Consumer,Office Supplies,Paper,3,0.1,78.96,6.89
ORD-11759,22-07-2025,South,Corporate,Furniture,Furnishings,5,0.0,292.32,62.68
ORD-11156,03-01-2024,West,Small Business,Office Supplies,Art,7,0.1,96.22,13.74
ORD-11928,04-04-2024,Central,Consumer,Technology,Laptops,6,0.2,5057.21,631.26
ORD-11922,21-04-2024,North,Consumer,Office Supplies,Storage,8,0.0,980.76,154.51
ORD-11743,13-05-2024,,Small Business,Office Supplies,Binders,6,0.0,169.52,42.39
ORD-11184,28-10-2024,South,Consumer,Furniture,Bookcases,5,0.1,1731.55,296.92
ORD-11957,05-01-2024,South,Small Business,Technology,Phones,3,0.0,1082.29,362.87
ORD-11318,10-11-2025,North,Consumer,Technology,Accessories,6,0.1,707.92,57.38
ORD-10133,11-12-2024,West,Small Business,Office Supplies,Storage,1,0.0,191.16,35.45
ORD-10227,10-02-2024,South,Small Business,Technology,Accessories,4,0.1,270.52,17.9
ORD-10367,08-10-2024,Central,Small Business,Office Supplies,Storage,4,0.0,735.06,219.02
ORD-10880,25-02-2024,East,Consumer,Office Supplies,Art,4,0.0,68.27,14.62
ORD-10091,22-01-2025,South,Consumer,Office Supplies,Art,3,0.0,55.29,15.52
ORD-10441,17-09-2024,West,Consumer,Technology,Printers,3,0.0,798.91,228.16
ORD-10718,16-02-2024,Central,Corporate,Technology,Accessories,4,0.1,296.58,28.15
ORD-10432,28-01-2024,East,Consumer,Office Supplies,Paper,4,0.0,97.33,28.62
ORD-11256,28-11-2024,East,Consumer,Office Supplies,Art,6,0.1,95.62,7.14
ORD-10011,06-03-2024,East,Consumer,Furniture,Bookcases,1,0.0,326.68,59.54
ORD-11657,23-08-2024,East,Corporate,Office Supplies,Binders,2,0.0,61.26,15.87
ORD-11513,05-03-2024,North,Small Business,Technology,Phones,3,0.0,1154.85,224.73
ORD-10053,29-12-2025,Central,Corporate,Furniture,Tables,4,0.5,1671.69,-465.93
ORD-10267,11-01-2025,West,Small Business,Furniture,Chairs,6,0.0,1386.64,235.81
ORD-11845,06-09-2025,North,Small Business,Technology,Laptops,5,0.0,5963.92,1725.49
ORD-11328,24-12-2024,West,Consumer,Office Supplies,Paper,6,0.1,147.5,21.02
ORD-11062,18-01-2024,North,Corporate,Office Supplies,Storage,2,0.0,272.67,91.68
ORD-11944,16-04-2025,North,Corporate,Technology,Laptops,5,0.1,3954.2,962.43
ORD-11861,31-05-2025,East,Consumer,Technology,Laptops,7,0.0,6584.35,1098.71
ORD-11668,09-08-2024,South,Corporate,Office Supplies,Binders,5,0.0,155.03,31.74
ORD-10107,17-10-2025,South,Consumer,Furniture,Bookcases,5,0.0,2613.08,716.92
ORD-10701,23-09-2025,East,Small Business,Office Supplies,Binders,7,0.0,192.03,34.43
ORD-10065,20-09-2024,Central,Corporate,Office Supplies,Storage,5,0.1,542.75,128.78
ORD-11227,15-03-2024,North,Consumer,Technology,Laptops,2,0.0,2068.23,477.56
ORD-11584,13-08-2025,North,Small Business,Office Supplies,Art,6,0.1,81.9,10.85
ORD-10628,23-06-2025,North,Consumer,Office Supplies,Paper,5,0.1,136.55,19.04
ORD-11880,01-07-2025,North,Corporate,Office Supplies,Art,1,0.0,18.65,6.23
ORD-10167,10-12-2025,North,Consumer,Technology,Printers,3,0.0,1123.1,299.81
ORD-10820,02-10-2024,East,Consumer,Technology,Laptops,6,0.0,7104.42,1372.54
ORD-10400,21-11-2024,West,Small Business,Office Supplies,Storage,7,0.2,997.74,62.06
ORD-11444,31-07-2024,West,Corporate,Office Supplies,Storage,8,0.0,906.23,278.9
ORD-10702,02-03-2025,South,Corporate,Technology,Phones,3,0.0,1290.1,235.01
ORD-10264,16-07-2024,North,Consumer,Technology,Laptops,2,0.0,1935.02,401.17
ORD-10801,17-01-2025,West,Consumer,Office Supplies,Binders,1,0.0,35.29,5.78
ORD-11079,27-05-2024,East,Corporate,Office Supplies,Storage,8,0.2,735.09,79.39
ORD-10672,03-10-2025,South,Corporate,Technology,Accessories,1,0.0,136.71,25.01
ORD-11331,07-08-2025,North,Corporate,Technology,Printers,4,0.1,909.61,155.91
ORD-11648,28-07-2025,East,Small Business,Furniture,Bookcases,2,0.1,628.23,119.8
ORD-11720,17-10-2024,North,Consumer,Technology,Accessories,4,0.0,499.59,135.66
ORD-10268,29-06-2024,Central,Small Business,Furniture,Furnishings,5,0.1,246.76,46.01
ORD-11105,29-09-2024,West,Consumer,Technology,Accessories,4,0.2,261.49,-1.59
ORD-10003,22-07-2025,North,Corporate,Office Supplies,Paper,6,0.0,147.48,23.41
ORD-11410,05-08-2025,Central,Corporate,Furniture,Bookcases,1,0.0,375.73,113.25
ORD-11336,15-11-2024,East,Small Business,Technology,Laptops,3,0.1,3052.35,189.56
ORD-11480,27-06-2024,North,Consumer,Furniture,Tables,2,0.4,630.25,-109.87
ORD-10306,03-11-2024,North ,Consumer,Furniture,Chairs,5,0.0,1532.78,483.37
ORD-11443,20-01-2025,South,Consumer,Furniture,Bookcases,2,0.1,641.78,85.84
ORD-11330,14-04-2025,East,Small Business,Furniture,Tables,5,0.3,,-178.33
ORD-11208,28-05-2025,North,Consumer,Technology,Phones,8,0.0,3356.57,985.56
ORD-11470,25-04-2024,North,Corporate,Office Supplies,Art,1,0.0,13.89,2.7
ORD-10017,04-05-2024,East,Consumer,Office Supplies,Binders,7,0.0,245.71,53.9
ORD-10248,05-11-2024,East,Consumer,Office Supplies,Art,3,0.0,51.69,16.55
ORD-10525,05-11-2024,North,Consumer,Office Supplies,Binders,5,0.0,168.54,33.29
ORD-10972,19-09-2024,West,Small Business,Office Supplies,Storage,8,0.0,838.74,154.23
ORD-10447,01-09-2025,West,Corporate,Furniture,Bookcases,5,0.2,1356.59,197.52
ORD-11550,13-06-2024,South,Corporate,Office Supplies,Storage,1,0.1,125.64,27.86
ORD-10281,19-07-2025,,Corporate,Technology,Phones,1,0.1,390.16,93.29
ORD-10553,18-03-2024,North,Consumer,Office Supplies,Storage,7,0.1,790.6,166.2
ORD-11742,20-01-2024,West,Consumer,Furniture,Chairs,5,0.0,961.37,158.87
ORD-11587,15-10-2025,Central,Corporate,Furniture,Tables,7,0.3,2930.94,233.87
ORD-11891,26-01-2024,Central,Consumer,Technology,Laptops,6,0.1,4234.61,662.88
ORD-10299,27-01-2024,West,Consumer,Office Supplies,Storage,1,0.0,122.7,39.52
ORD-11138,29-05-2025,East,Corporate,Furniture,Chairs,6,0.0,1224.0,338.77
ORD-10872,02-02-2025,East,Consumer,Office Supplies,Paper,2,0.1,40.52,4.51
ORD-11302,11-12-2024,East,,Technology,Printers,2,0.1,529.46,96.64
ORD-11397,05-11-2024,,Consumer,Technology,Laptops,5,0.1,5250.27,1026.43
ORD-10302,19-10-2025,East,Consumer,Office Supplies,Storage,1,0.2,,19.22
ORD-11993,02-04-2025,,Corporate,Office Supplies,Art,7,0.0,98.33,25.5
ORD-10573,24-04-2025,Central,Consumer,Furniture,Furnishings,6,0.1,297.85,59.07
ORD-10341,03-08-2024,Central,Small Business,Furniture,Chairs,7,0.0,1794.6,415.22
ORD-10560,09-05-2025,South,Small Business,Technology,Phones,7,0.0,2228.66,760.5
ORD-10802,28-04-2025,South,Consumer,Furniture,Chairs,5,0.1,929.51,147.16
ORD-10259,11-12-2024,West,Consumer,Office Supplies,Binders,5,0.0,203.3,69.91
ORD-10622,29-06-2025,West,Consumer,Technology,Phones,5,0.0,2048.16,445.11
ORD-10846,22-12-2024,North,Small Business,Office Supplies,Storage,4,0.0,656.89,157.62
ORD-11073,22-05-2024,West,Corporate,Office Supplies,Storage,8,0.0,1130.59,264.42
ORD-11862,06-10-2024,West,Consumer,Technology,Laptops,5,0.0,6453.06,1459.33
ORD-10140,08-06-2025,South,Small Business,Office Supplies,Paper,3,0.1,72.57,4.69
ORD-10165,15-09-2025,Central,Consumer,Furniture,Furnishings,2,0.1,133.26,22.02
ORD-10558,09-04-2025,West,Consumer,Technology,Accessories,6,0.0,608.16,153.11
ORD-11650,26-09-2025,East,Small Business,Furniture,Bookcases,4,0.0,1191.02,239.99
ORD-10049,25-04-2024,South,Corporate,Technology,Accessories,3,0.2,164.95,9.5
ORD-10546,21-12-2025,East,Consumer,Technology,Phones,4,0.0,2148.83,526.03
ORD-10767,13-09-2024,West,Consumer,Furniture,Bookcases,3,0.1,780.86,178.9
ORD-11102,04-06-2024,East,Corporate,Office Supplies,Binders,2,0.0,64.12,20.29
ORD-11889,07-10-2025,East,Small Business,Technology,Laptops,1,0.0,1162.92,196.47
ORD-10596,04-02-2024,West,Consumer,Office Supplies,Paper,5,0.0,134.07,34.88
ORD-11382,11-11-2025,South,Small Business,Technology,Printers,6,0.0,2511.39,730.82
ORD-11634,26-07-2025,North,Consumer,Office Supplies,Binders,8,0.0,273.35,90.17
ORD-10877,14-03-2024,South,Corporate,Office Supplies,Art,1,0.0,12.43,4.14
ORD-11856,19-06-2025,West,Small Business,Technology,Phones,8,0.0,3048.41,642.3
ORD-10424,03-08-2024,East,Consumer,Office Supplies,Binders,2,0.0,59.6,10.28
ORD-11070,21-06-2025,North,Consumer,Office Supplies,Art,2,0.1,33.25,6.64
ORD-10936,26-01-2025,East,Consumer,Technology,Accessories,5,0.1,446.59,50.33
ORD-10442,23-09-2025,West,Consumer,Technology,Laptops,5,0.0,4666.44,1347.71
ORD-11276,26-02-2024,South,Corporate,Office Supplies,Binders,7,0.2,137.63,6.77
ORD-10385,23-09-2024,,Small Business,Office Supplies,Paper,4,0.0,107.89,20.66
ORD-11268,16-06-2024,East,Consumer,Technology,Phones,4,0.1,1182.34,198.86
ORD-10350,29-10-2025,West,Consumer,Office Supplies,Storage,4,0.0,652.02,202.88
ORD-11857,17-10-2024,NORTH,Consumer,Office Supplies,Art,2,0.0,33.32,7.51
ORD-10000,12-11-2024,West,Corporate,Office Supplies,Storage,4,0.0,699.16,241.3
ORD-11696,15-04-2025,Central,Consumer,Furniture,Tables,8,0.4,2581.69,-329.68
ORD-10827,03-12-2024,North,Corporate,Furniture,Bookcases,7,0.0,2518.94,390.85
ORD-10556,17-02-2025,South,Small Business,Furniture,Furnishings,2,0.0,139.95,36.57
ORD-11664,08-08-2025,East,Corporate,Office Supplies,Binders,7,0.1,222.88,56.03
ORD-10361,20-09-2024,East,Consumer,Office Supplies,Storage,7,0.0,935.01,175.16
ORD-10625,22-02-2024,West,Consumer,Technology,Phones,5,0.0,1425.5,389.77
ORD-11721,25-09-2024,North,Consumer,Furniture,Chairs,5,0.0,1088.07,239.31
ORD-10115,15-10-2024,South,Corporate,Office Supplies,Paper,6,0.1,169.06,29.79
ORD-11892,26-12-2025,West,Consumer,Office Supplies,Binders,6,0.0,275.41,79.29
ORD-10577,13-06-2024,South,Consumer,Technology,Phones,3,0.1,934.27,227.08
ORD-10336,23-06-2024,West,Corporate,Office Supplies,Art,1,0.0,14.78,4.04
ORD-11224,09-06-2024,West,Small Business,Furniture,Bookcases,6,0.1,1393.71,214.56
ORD-11708,22-03-2025,West,Small Business,Furniture,Furnishings,1,0.0,68.58,16.78
ORD-10201,17-04-2024,East,Corporate,Technology,Laptops,7,0.0,5729.04,1005.19
ORD-11400,18-02-2024,West,Corporate,Technology,Laptops,7,0.0,5614.02,921.63
ORD-10510,14-04-2024,West,Consumer,Furniture,Chairs,8,0.1,1532.42,372.26
ORD-10030,12-06-2025,Central,Small Business,Office Supplies,Art,1,0.2,13.01,1.16
ORD-10893,31-08-2025,South,Corporate,Office Supplies,Paper,1,0.1,24.96,3.45
ORD-11816,19-07-2025,East,Corporate,Office Supplies,Art,5,0.0,96.09,17.65
ORD-10547,21-02-2024,South,Small Business,Office Supplies,Paper,1,0.0,24.51,6.24
ORD-10680,26-09-2025,West,Consumer,Office Supplies,Storage,2,0.1,256.32,34.16
ORD-11177,24-10-2024,South,Corporate,Furniture,Chairs,8,0.0,2673.97,526.57
ORD-10407,02-03-2024,Central,Consumer,Furniture,Furnishings,3,0.0,172.1,31.66
ORD-10793,12-02-2024,Central,Small Business,Furniture,Furnishings,6,0.1,279.47,58.34
ORD-11787,10-07-2024,East,Corporate,Furniture,Chairs,8,0.1,1331.09,108.07
ORD-10726,28-11-2024,North,Small Business,Office Supplies,Paper,5,0.0,171.26,36.89
ORD-11159,16-03-2024,West,Consumer,Furniture,Bookcases,8,0.1,2564.78,539.87
ORD-10293,29-01-2024,Central,Corporate,Furniture,Tables,5,0.4,1528.55,-292.25
ORD-10305,18-02-2024,Central,Consumer,Furniture,Chairs,8,0.0,1691.9,342.69
ORD-10919,25-02-2025,North,Corporate,Furniture,Tables,7,0.4,2163.98,-221.66
ORD-11698,07-12-2025,West,Corporate,Furniture,Chairs,2,0.0,700.04,115.83
ORD-10146,22-11-2025,Central,Consumer,Office Supplies,Binders,2,0.1,79.13,19.51
ORD-11012,13-12-2024,East,Corporate,Office Supplies,Storage,8,0.1,1143.48,152.74
ORD-10330,05-10-2025,NORTH,Small Business,Technology,Printers,6,0.0,2283.02,386.63
ORD-11853,11-02-2025,West,Corporate,Technology,Laptops,3,0.0,2867.2,848.58
ORD-10623,26-10-2024,North,,Office Supplies,Binders,7,0.2,210.15,8.12
ORD-11815,28-09-2024,East,Corporate,Technology,Accessories,4,0.1,339.33,57.26
ORD-11407,19-08-2025,East,Small Business,Technology,Accessories,5,0.0,405.95,119.74
ORD-10418,18-08-2025,West,Small Business,Office Supplies,Art,3,0.0,43.82,7.28
ORD-10693,23-04-2024,South,Small Business,Office Supplies,Art,4,0.0,69.26,11.08
ORD-10478,19-02-2025,South,Consumer,Office Supplies,Binders,1,0.1,26.81,4.47
ORD-11103,17-01-2024,West,Consumer,Furniture,Bookcases,2,0.2,393.74,57.69
ORD-10764,15-03-2024,South,Consumer,Furniture,Furnishings,7,0.2,338.6,34.51
ORD-10335,21-08-2024,Central,Consumer,Furniture,Tables,5,0.4,1321.32,-107.36
ORD-10353,27-07-2024,South,Corporate,Office Supplies,Art,6,0.0,98.61,28.03
ORD-11790,22-12-2025,West,Consumer,Office Supplies,Paper,8,0.0,281.31,50.91
ORD-11304,07-03-2024,South,Consumer,Office Supplies,Binders,2,0.1,44.15,8.45
ORD-10613,31-03-2024,North,Corporate,Furniture,Furnishings,6,0.1,313.21,74.05
ORD-10039,14-04-2025,East,Small Business,Office Supplies,Art,6,0.0,112.05,28.82
ORD-10619,21-07-2025,South,Consumer,Technology,Accessories,8,0.0,853.71,186.5
ORD-11983,08-08-2024,South,Small Business,Furniture,Furnishings,1,0.0,67.36,12.42
ORD-11624,07-02-2025,Central,Consumer,Office Supplies,Paper,6,0.1,159.0,33.84
ORD-10966,18-01-2024,South,Small Business,Office Supplies,Paper,8,0.0,,29.3
ORD-11011,02-08-2025,East,Small Business,Office Supplies,Storage,2,0.0,298.52,77.68
ORD-10080,31-10-2024,West,Consumer,Office Supplies,Art,6,0.0,145.05,43.04
ORD-10434,28-09-2025,North ,Corporate,Technology,Laptops,3,0.0,3288.53,533.98
ORD-11141,19-03-2024,East,Consumer,Office Supplies,Art,4,0.0,59.49,13.59
ORD-10661,03-11-2025,East,Corporate,Technology,Accessories,5,0.1,618.33,114.95
ORD-10101,25-06-2024,North,Small Business,Office Supplies,Paper,4,0.0,102.77,32.87
ORD-10641,22-06-2024,South,Corporate,Technology,Accessories,4,0.1,281.38,41.27
ORD-11196,09-10-2024,Central,Corporate,Technology,Laptops,1,0.1,1277.05,290.2
ORD-11252,10-06-2025,Central,Consumer,Technology,Laptops,8,0.0,8885.64,2611.2
ORD-10228,28-01-2025,East,Corporate,Furniture,Tables,6,0.5,1849.31,-474.93
ORD-10361,20-09-2024,East,Consumer,Office Supplies,Storage,7,0.0,935.01,175.16
ORD-10918,24-01-2024,Central,Consumer,Office Supplies,Binders,6,0.0,164.75,36.73
ORD-11807,24-12-2024,North,Consumer,Office Supplies,Storage,6,0.0,906.26,147.61
ORD-10953,23-05-2024,North ,Corporate,Technology,Accessories,2,0.0,141.69,36.1
ORD-11373,14-05-2025,West,Consumer,Furniture,Furnishings,5,0.0,394.27,103.91
ORD-11229,30-07-2025,North,Consumer,Furniture,Chairs,3,0.0,700.29,184.87
ORD-11491,26-02-2024,Central,Consumer,Technology,Phones,6,0.0,2404.71,823.07
ORD-11462,23-09-2024,South,,Furniture,Bookcases,3,0.1,759.84,111.18
ORD-10464,08-12-2025,West,Corporate,Furniture,Tables,7,0.4,2497.96,-442.45
ORD-11954,09-03-2024,East,Corporate,Office Supplies,Storage,1,0.1,123.71,19.75
ORD-10507,09-06-2024,North,Consumer,Office Supplies,Paper,3,0.0,84.13,24.5
ORD-11419,03-10-2024,West,Corporate,Office Supplies,Storage,6,0.1,1029.14,67.44
ORD-11728,03-11-2025,East,Consumer,Office Supplies,Art,6,0.0,132.7,27.38
ORD-11441,18-02-2024,Central,Corporate,Furniture,Chairs,2,0.0,471.24,146.98
ORD-11548,22-01-2025,South,Consumer,Office Supplies,Paper,5,0.0,117.3,31.5
ORD-10233,06-04-2025,West,Consumer,Office Supplies,Paper,1,0.1,,4.78
ORD-11578,07-08-2024,East,Small Business,Furniture,Tables,2,0.4,606.29,-63.86
ORD-11081,25-01-2024,South,Corporate,Technology,Accessories,2,0.2,122.83,5.5
ORD-11926,16-04-2024,North,Consumer,Furniture,Chairs,2,0.1,352.24,26.41
ORD-11958,27-10-2024,South,Consumer,Furniture,Chairs,1,0.2,262.18,19.46
ORD-11977,22-08-2024,North ,Consumer,Furniture,Furnishings,7,0.0,483.31,95.21
ORD-10555,22-02-2024,North ,Consumer,Office Supplies,Storage,3,0.1,385.68,37.16
ORD-10585,28-10-2025,East,Corporate,Office Supplies,Art,6,0.0,114.83,25.98
ORD-10462,21-11-2024,East,Corporate,Office Supplies,Paper,8,0.1,267.82,25.29
ORD-10950,21-10-2024,South,Consumer,Office Supplies,Storage,2,0.1,315.49,42.55
ORD-10644,23-08-2024,West,Consumer,Technology,Accessories,8,0.0,583.81,118.95
ORD-11369,02-06-2025,West,Consumer,Office Supplies,Storage,8,0.0,1214.24,229.07
ORD-10807,10-02-2024,North,Consumer,Furniture,Furnishings,2,0.1,102.14,13.11
ORD-10283,17-07-2025,north,Consumer,Furniture,Furnishings,6,0.1,406.31,94.01
ORD-10446,29-06-2024,West,Corporate,Office Supplies,Storage,1,0.0,140.49,24.17
ORD-10804,17-01-2024,West,Small Business,Furniture,Chairs,5,0.0,941.43,178.45
ORD-11611,06-10-2024,South,Corporate,Furniture,Chairs,6,0.0,1603.1,287.32
ORD-10064,03-02-2025,East,Consumer,Office Supplies,Storage,6,0.0,855.57,263.08
ORD-10058,12-01-2024,North,Corporate,Office Supplies,Paper,2,0.2,43.36,4.0
ORD-10255,28-06-2024,South,Consumer,Office Supplies,Storage,6,0.0,588.25,141.76
ORD-11551,06-11-2024,Central,Consumer,Office Supplies,Art,3,0.0,72.73,16.92
ORD-11767,10-05-2025,West,Small Business,Furniture,Tables,7,0.3,3093.45,88.25
ORD-11489,06-02-2024,Central,Consumer,Office Supplies,Art,2,0.0,26.23,5.61
ORD-11661,11-05-2025,East,Consumer,Technology,Printers,1,0.1,305.46,33.56
ORD-11408,24-09-2025,East,Consumer,Furniture,Bookcases,3,0.1,979.0,148.03
ORD-10653,20-09-2024,East,Consumer,Furniture,Bookcases,1,0.0,325.76,59.23
ORD-10772,22-11-2024,West,Corporate,Office Supplies,Storage,5,0.1,656.81,43.44
ORD-11933,10-07-2025,North,Consumer,Furniture,Chairs,6,0.1,1358.04,208.47
ORD-11666,24-04-2024,North,Corporate,Office Supplies,Binders,8,0.1,246.07,24.38
ORD-10996,15-12-2024,North,Consumer,Office Supplies,Binders,8,0.0,298.77,48.08
ORD-11447,07-10-2024,Central,Small Business,Furniture,Tables,1,0.5,380.8,-43.94
ORD-11291,03-03-2024,East,Corporate,Office Supplies,Storage,4,0.1,,83.82
ORD-10977,05-07-2024,North,Small Business,Technology,Printers,3,0.0,724.25,187.16
ORD-10019,14-07-2024,North,Small Business,Technology,Printers,7,0.0,1697.38,403.61
ORD-10694,12-12-2024,South,Corporate,Office Supplies,Paper,4,0.1,,32.41
ORD-11158,21-04-2024,Central,Corporate,Furniture,Furnishings,3,0.0,172.7,53.47
ORD-10671,10-02-2025,West,Corporate,Office Supplies,Art,1,0.1,16.27,3.67
ORD-11649,20-09-2025,East,Corporate,Technology,Phones,4,0.0,1659.58,517.82
ORD-10870,12-08-2024,South,Consumer,Office Supplies,Binders,4,0.0,143.98,28.63
ORD-10608,01-03-2025,North,Small Business,Technology,Accessories,3,0.0,274.1,69.19
ORD-11989,04-09-2024,East,Corporate,Furniture,Tables,6,0.5,1531.78,-200.21
ORD-10669,07-05-2024,Central,Consumer,Office Supplies,Storage,7,0.0,867.33,139.05
ORD-10208,03-04-2024,South,Corporate,Office Supplies,Paper,3,0.1,61.24,15.17
ORD-10288,18-11-2025,East,Small Business,Technology,Phones,8,0.1,3907.57,280.45
ORD-10931,01-04-2024,East,Consumer,Technology,Laptops,1,0.1,772.04,68.0
ORD-10925,21-01-2025,West,Consumer,Furniture,Bookcases,5,0.2,1114.77,-32.22
ORD-10408,31-07-2024,North ,Small Business,Office Supplies,Storage,7,0.0,899.14,251.12
ORD-11116,30-03-2025,North,Consumer,Furniture,Chairs,4,0.1,748.81,185.99
ORD-10022,05-12-2025,South,Small Business,Office Supplies,Binders,7,0.0,375.04,94.89
ORD-10204,27-05-2025,Central,Consumer,Furniture,Chairs,4,0.0,934.06,282.68
ORD-10984,20-06-2025,North,Corporate,Technology,Phones,5,0.1,1791.15,396.56
ORD-10340,29-05-2024,West,Corporate,Technology,Printers,3,0.0,764.74,232.12
ORD-11570,10-07-2025,West,Consumer,Office Supplies,Storage,8,0.2,825.04,-7.01
ORD-11246,06-06-2025,East,Consumer,Office Supplies,Binders,4,0.0,139.01,42.31
ORD-11913,25-11-2024,West,Corporate,Office Supplies,Art,5,0.0,114.98,28.05
ORD-10607,18-03-2024,West,Consumer,Furniture,Furnishings,6,0.1,385.33,46.52
ORD-11149,23-12-2024,North,Consumer,Office Supplies,Binders,5,0.0,174.13,31.88
ORD-10531,17-08-2024,East,Corporate,Technology,Printers,6,0.0,1776.42,558.35
ORD-10631,24-12-2024,South,Consumer,Office Supplies,Storage,4,0.0,522.76,178.3
ORD-10081,30-01-2024,East,Small Business,Furniture,Furnishings,3,0.0,199.97,69.41
ORD-10664,10-02-2025,West,Consumer,Furniture,Chairs,3,0.2,531.23,8.46
ORD-10051,13-09-2025,West,Consumer,Furniture,Furnishings,3,0.0,212.65,56.92
ORD-10833,04-01-2025,East,Consumer,Office Supplies,Binders,1,0.1,30.62,4.83
ORD-11266,11-06-2024,West,Consumer,Furniture,Chairs,6,0.1,1057.1,234.61
ORD-11691,12-02-2025,North,Consumer,Furniture,Chairs,4,0.2,831.62,84.02
ORD-11464,11-05-2025,,Consumer,Technology,Phones,2,0.1,750.0,74.02
ORD-10561,25-07-2024,East,Small Business,Office Supplies,Paper,4,0.1,101.41,16.47
ORD-10094,08-11-2024,North,Small Business,Office Supplies,Binders,1,0.0,47.88,11.33
ORD-11864,10-01-2025,East,Consumer,Technology,Laptops,7,0.1,6057.07,1537.16
ORD-11751,29-06-2024,West,Consumer,Technology,Printers,1,0.0,281.22,68.33
ORD-10935,07-04-2025,,Consumer,Furniture,Furnishings,8,0.1,533.53,60.99
ORD-11000,10-01-2024,North,Consumer,Furniture,Chairs,3,0.2,629.63,-15.36
ORD-11565,16-07-2025,north,Consumer,Technology,Phones,7,0.0,2758.42,445.86
ORD-11646,28-11-2025,South,Consumer,Office Supplies,Paper,2,0.0,84.56,26.35
ORD-11071,15-03-2025,Central,,Office Supplies,Paper,2,0.0,58.29,11.78
ORD-11415,06-02-2025,East,Consumer,Office Supplies,Art,7,0.1,112.0,25.32
ORD-10724,16-09-2024,South,Consumer,Technology,Laptops,7,0.0,7470.1,1155.67
ORD-11010,11-12-2025,North,Consumer,Technology,Printers,3,0.0,1330.22,340.07
ORD-11541,24-04-2025,West,Consumer,Office Supplies,Paper,7,0.1,190.66,28.84
ORD-10913,12-09-2024,West,Corporate,Office Supplies,Binders,8,0.0,254.73,68.5
ORD-11080,15-05-2025,South,Corporate,Furniture,Furnishings,8,0.0,553.01,126.3
ORD-11438,06-06-2025,West,Consumer,Office Supplies,Art,7,0.0,136.18,34.62
ORD-10160,25-11-2024,North,Small Business,Technology,Phones,3,0.0,1517.66,227.97
ORD-11293,11-04-2025,Central,Consumer,Technology,Accessories,1,0.0,79.37,15.34
ORD-11671,08-04-2024,north,Corporate,Office Supplies,Binders,6,0.0,167.38,39.41
ORD-10708,15-01-2025,West,Consumer,Office Supplies,Paper,6,0.1,136.42,14.09
ORD-11488,02-06-2025,North,Corporate,Technology,Accessories,5,0.0,455.84,74.03
ORD-11930,07-12-2025,West,Small Business,Office Supplies,Paper,8,0.0,344.62,88.32
ORD-11388,12-01-2025,West,Corporate,Office Supplies,Art,7,0.0,121.54,18.65
ORD-10286,20-03-2025,Central,Corporate,Furniture,Furnishings,3,0.1,175.16,19.5
ORD-11895,14-03-2025,South,Consumer,Technology,Phones,1,0.0,360.98,82.04
ORD-10774,11-12-2024,North,Corporate,Technology,Accessories,1,0.0,93.55,25.4
ORD-10016,07-07-2025,North,Consumer,Office Supplies,Storage,1,0.0,109.76,23.71
ORD-11249,02-05-2025,North,Corporate,Office Supplies,Storage,4,0.0,544.62,103.98
ORD-11569,02-08-2025,East,Small Business,Technology,Phones,8,0.0,2557.58,700.88
ORD-10748,31-03-2025,South,Small Business,Technology,Phones,5,0.0,1697.29,510.69
ORD-11868,10-12-2024,North,Corporate,Technology,Laptops,5,0.1,4923.2,793.85
ORD-11213,08-11-2024,West,Small Business,Furniture,Chairs,4,0.0,997.84,346.02
ORD-10852,14-08-2025,West,,Technology,Phones,6,0.0,2552.27,759.99
ORD-10135,24-09-2024,West,Corporate,Office Supplies,Art,6,0.0,98.59,25.87
ORD-11653,04-01-2024,East,Corporate,Office Supplies,Art,8,0.0,105.88,30.75
ORD-10683,25-09-2025,East,Corporate,Furniture,Bookcases,1,0.0,271.84,89.43
ORD-11674,01-08-2025,South,Consumer,Technology,Laptops,8,0.0,9430.37,2559.34
ORD-10211,20-06-2024,East,Consumer,Office Supplies,Paper,4,0.2,72.84,1.67
ORD-11574,13-09-2024,Central,Consumer,Office Supplies,Paper,3,0.1,76.04,14.71
ORD-11536,23-04-2024,North,Consumer,Furniture,Furnishings,8,0.1,461.56,75.14
ORD-10987,16-12-2024,East,Small Business,Technology,Accessories,1,0.0,98.26,32.59
ORD-10088,17-09-2025,East,Consumer,Office Supplies,Paper,8,0.0,232.53,77.45
ORD-10900,19-01-2024,North,Corporate,Furniture,Chairs,1,0.2,187.14,12.72
ORD-10298,29-02-2024,West,Small Business,Office Supplies,Paper,5,0.1,129.12,23.56
ORD-11972,12-09-2025,north,Corporate,Office Supplies,Storage,4,0.0,595.77,117.78
ORD-11765,02-11-2024,South,Small Business,Furniture,Furnishings,4,0.0,271.08,41.95
ORD-10602,04-03-2024,North,Small Business,Office Supplies,Storage,3,0.0,311.44,99.58
ORD-11399,11-12-2025,West,Corporate,Office Supplies,Art,2,0.0,38.81,6.31
ORD-10891,17-07-2024,North,Corporate,Furniture,Chairs,4,0.2,782.11,45.1
ORD-10103,21-09-2024,East,Consumer,Office Supplies,Art,1,0.0,16.88,5.23
ORD-11499,24-05-2025,Central,Consumer,Furniture,Tables,3,0.3,1136.44,-39.69
ORD-10854,13-05-2025,East,Consumer,Office Supplies,Art,8,0.0,113.7,35.03
ORD-10045,26-07-2025,East,Consumer,Office Supplies,Storage,4,0.2,480.85,9.94
ORD-11507,09-05-2025,North,Consumer,Technology,Printers,4,0.0,1105.36,207.36
ORD-10768,12-12-2024,West,Consumer,Technology,Laptops,2,0.0,2185.22,673.85
ORD-11773,27-01-2025,East,Consumer,Furniture,Bookcases,3,0.1,865.7,223.43
ORD-10906,04-12-2024,West,Corporate,Furniture,Chairs,3,0.0,839.15,133.16
ORD-10528,06-11-2024,North,Corporate,Office Supplies,Storage,1,0.0,165.13,39.72
ORD-11757,10-01-2025,Central,Small Business,Furniture,Bookcases,7,0.1,2250.53,537.32
ORD-10655,01-03-2025,West,Small Business,Office Supplies,Binders,8,0.0,259.34,49.7
ORD-10481,04-10-2025,,Corporate,Technology,Phones,6,0.0,2612.92,866.62
ORD-11676,12-04-2025,South,Corporate,Furniture,Chairs,4,0.0,905.35,251.83
ORD-10921,28-07-2025,West,Consumer,Furniture,Tables,7,0.5,2036.01,-499.06
ORD-10790,06-12-2024,West,Small Business,Office Supplies,Storage,8,0.0,1333.3,354.84
ORD-10571,19-01-2024,North,Corporate,Furniture,Chairs,8,0.1,1591.14,136.02
ORD-10110,19-04-2024,,Consumer,Office Supplies,Storage,8,0.0,965.6,298.57
ORD-11157,23-06-2024,North,Corporate,Furniture,Furnishings,8,0.0,435.84,99.59
ORD-11846,16-08-2024,South,Small Business,Office Supplies,Paper,3,0.0,,22.88
ORD-10951,19-03-2025,North,Corporate,Office Supplies,Art,8,0.0,129.15,20.42
ORD-11617,09-12-2025,East,Small Business,Furniture,Furnishings,8,0.1,722.51,75.56
ORD-11988,07-08-2025,East,Small Business,Technology,Printers,7,0.0,2301.23,580.62
ORD-11037,28-02-2025,North,Consumer,Office Supplies,Binders,2,0.0,66.76,20.59
ORD-11995,04-08-2025,East,Small Business,Furniture,Chairs,6,0.2,1217.53,136.79
ORD-10062,09-03-2024,South,Consumer,Furniture,Furnishings,3,0.1,157.33,29.41
ORD-11363,04-06-2025,Central,Consumer,Office Supplies,Paper,2,0.0,63.81,16.07
ORD-10332,04-12-2025,East,Corporate,Office Supplies,Binders,2,0.1,94.79,17.66
ORD-10001,25-11-2024,West,Consumer,Furniture,Furnishings,7,0.2,430.16,42.49
ORD-10750,03-07-2024,,Consumer,Office Supplies,Paper,8,0.0,168.45,54.09
ORD-11365,11-10-2025,North,,Technology,Phones,2,0.1,909.83,155.69
ORD-10142,14-08-2025,Central,Corporate,Office Supplies,Art,3,0.2,46.98,6.51
ORD-11163,09-05-2024,West,Corporate,Technology,Accessories,2,0.0,145.93,28.09
ORD-11512,27-12-2024,West,Small Business,Furniture,Tables,3,0.4,1300.96,-131.87
ORD-11211,25-12-2024,North,Consumer,Office Supplies,Paper,4,0.1,116.51,9.89
ORD-11125,15-10-2024,East,Consumer,Office Supplies,Paper,5,0.2,138.36,0.35
ORD-11342,30-07-2024,North,Corporate,Technology,Phones,3,0.0,1172.04,350.32
ORD-11518,21-07-2025,North,Small Business,Furniture,Bookcases,1,0.1,262.51,34.82
ORD-10198,26-09-2024,West,Consumer,Technology,Accessories,7,0.0,612.99,118.37
ORD-10460,31-10-2024,West,Corporate,Office Supplies,Binders,4,0.0,156.43,23.48
ORD-10159,02-11-2024,South,Consumer,Technology,Printers,3,0.1,1045.47,180.08
ORD-11555,05-01-2025,North,Consumer,Technology,Printers,2,0.1,490.95,51.69
ORD-11048,11-04-2024,North,Consumer,Office Supplies,Paper,3,0.0,66.87,18.36
ORD-11279,22-10-2024,Central,Consumer,Office Supplies,Art,4,0.0,77.96,12.13
ORD-11633,27-12-2025,East,Small Business,Office Supplies,Binders,3,0.0,111.69,20.59
ORD-10083,05-02-2024,West,Small Business,Technology,Phones,8,0.1,2126.16,430.87
ORD-11884,21-05-2025,North ,Consumer,Furniture,Furnishings,4,0.0,305.56,83.2
ORD-11483,17-12-2024,West,,Furniture,Chairs,7,0.0,1743.47,363.81
ORD-11562,22-02-2024,South,Consumer,Office Supplies,Binders,6,0.0,164.57,30.67
ORD-11834,08-09-2025,East,Small Business,Technology,Phones,6,0.0,2331.78,584.63
ORD-10427,11-12-2025,North,Small Business,Technology,Laptops,1,0.0,1389.66,344.35
ORD-10289,09-01-2025,Central,Small Business,Furniture,Chairs,5,0.1,,83.88
ORD-10529,21-05-2024,Central,Corporate,Furniture,Bookcases,8,0.2,1777.83,229.86
ORD-11075,16-07-2025,South,Consumer,Furniture,Furnishings,4,0.0,249.82,50.43
ORD-10858,24-01-2025,north,Corporate,Technology,Laptops,5,0.0,5590.36,1892.66
ORD-11976,12-05-2024,West,Consumer,Office Supplies,Paper,4,0.0,108.22,23.23
ORD-10599,14-06-2025,North,Corporate,Technology,Phones,2,0.0,716.19,205.3
ORD-10401,10-10-2025,East,Corporate,Furniture,Tables,2,0.5,608.93,-107.83
ORD-10639,18-06-2025,East,Corporate,Furniture,Tables,3,0.3,1266.96,88.58
ORD-10154,02-02-2025,East,Consumer,Furniture,Tables,4,0.4,1165.06,-69.84
ORD-11594,14-02-2025,West,Consumer,Technology,Phones,4,0.0,1859.34,520.25
ORD-11786,07-03-2025,West,Corporate,Office Supplies,Binders,3,0.0,97.41,26.49
ORD-11298,12-05-2024,,Corporate,Technology,Accessories,4,0.2,209.55,14.51
ORD-10295,09-10-2024,South,Consumer,Technology,Laptops,6,0.0,6406.33,1764.24
ORD-11057,19-01-2024,West,Small Business,Technology,Phones,4,0.1,1398.93,236.56
ORD-11243,28-05-2025,South,Small Business,Furniture,Bookcases,4,0.0,1422.49,314.75
ORD-11705,13-07-2025,East,Consumer,Office Supplies,Binders,3,0.0,108.94,16.82
ORD-11797,30-03-2025,North,Consumer,Technology,Accessories,5,0.0,469.13,110.04
ORD-11885,29-03-2025,East,Small Business,Office Supplies,Binders,8,0.1,274.08,51.04
ORD-11051,17-03-2024,West,Corporate,Technology,Accessories,4,0.0,376.46,76.0
ORD-11783,28-03-2025,North,Corporate,Technology,Phones,3,0.0,1144.19,269.14
ORD-10632,11-05-2025,East,Small Business,Furniture,Tables,4,0.3,1660.63,-183.98
ORD-11494,20-12-2025,East,Corporate,Office Supplies,Binders,3,0.0,109.45,25.26
ORD-10575,06-03-2025,North,Corporate,Technology,Phones,7,0.0,2356.13,487.25
ORD-10698,24-06-2025,North,Corporate,Technology,Printers,1,0.1,273.96,34.82
ORD-10860,06-07-2025,North,Consumer,Office Supplies,Art,6,0.2,74.32,4.44
ORD-10314,18-03-2024,East,Small Business,Furniture,Tables,6,0.4,1791.68,-372.33
ORD-11866,12-07-2024,South,Corporate,Technology,Phones,3,0.1,962.68,238.8
ORD-11357,12-06-2024,South,Consumer,Office Supplies,Paper,5,0.1,121.34,21.93
ORD-11503,17-02-2024,,Corporate,Furniture,Bookcases,7,0.0,2434.45,655.85
ORD-10426,29-07-2025,West,Small Business,Office Supplies,Storage,8,0.0,909.55,199.29
ORD-11426,08-11-2025,South,Small Business,Office Supplies,Art,5,0.0,97.37,18.17
ORD-10175,20-07-2025,Central,Small Business,Furniture,Furnishings,4,0.0,268.43,92.09
ORD-11730,18-01-2025,West,Consumer,Technology,Laptops,7,0.0,7156.59,1323.84
ORD-10593,02-12-2024,North,Corporate,Office Supplies,Binders,7,0.0,241.62,56.14
ORD-11432,27-09-2025,South,Small Business,Technology,Phones,6,0.1,2307.0,431.55
ORD-10490,20-03-2025,Central,Corporate,Office Supplies,Art,8,0.1,131.1,32.42
ORD-10521,04-04-2024,North ,Consumer,Technology,Phones,5,0.0,1886.36,413.06
ORD-11746,09-10-2025,East,Corporate,Office Supplies,Paper,2,0.1,70.23,11.47
ORD-10491,02-05-2024,West,Consumer,Office Supplies,Paper,8,0.0,238.0,70.2
ORD-10422,13-12-2025,North,Consumer,Office Supplies,Art,7,0.1,122.68,16.07
ORD-11123,05-01-2024,East,Corporate,Office Supplies,Binders,3,0.1,65.39,6.04
ORD-11589,08-09-2024,West,Consumer,Technology,Laptops,5,0.0,4520.73,1243.69
ORD-11511,23-06-2024,South,Consumer,Technology,Printers,4,0.1,1031.56,128.17
ORD-10443,14-10-2025,East,Consumer,Technology,Accessories,1,0.1,88.67,8.21
ORD-10808,24-11-2025,West,Consumer,Furniture,Furnishings,1,0.0,76.81,21.37
ORD-11914,19-06-2024,South,Consumer,Office Supplies,Storage,3,0.0,385.47,120.71
ORD-11733,23-11-2025,East,Consumer,Technology,Laptops,1,0.1,1243.34,120.48
ORD-10054,12-05-2025,West,Consumer,Office Supplies,Storage,1,0.0,109.08,19.48
ORD-11929,25-05-2024,West,Small Business,Office Supplies,Binders,6,0.0,163.94,48.92
ORD-11413,20-02-2024,East,Corporate,Technology,Accessories,1,0.1,64.07,5.27
ORD-11045,30-09-2025,North,Small Business,Technology,Accessories,4,0.2,332.65,48.89
ORD-10226,03-08-2024,West,Corporate,Technology,Phones,5,0.0,1980.72,384.32
ORD-11376,19-08-2024,North,Corporate,Furniture,Bookcases,5,0.0,1779.4,296.65
ORD-10640,13-08-2025,West,Consumer,Furniture,Bookcases,3,0.0,1163.72,354.98
ORD-10409,05-07-2024,East,Consumer,Technology,Accessories,6,0.1,468.49,70.4
ORD-10012,01-05-2024,North,Consumer,Office Supplies,Binders,4,0.1,99.43,13.16
ORD-10969,03-02-2025,South,Corporate,Office Supplies,Storage,2,0.1,221.12,15.67
ORD-10404,11-03-2024,East,Consumer,Office Supplies,Storage,6,0.0,837.16,227.87
ORD-11805,21-03-2025,South,,Furniture,Tables,8,0.4,2637.58,-141.34
ORD-10073,26-12-2024,East,Corporate,Office Supplies,Paper,6,0.0,168.81,53.8
ORD-10195,09-03-2025,Central,Consumer,Furniture,Bookcases,6,0.1,1616.97,113.46
ORD-10399,31-05-2025,East,Consumer,Office Supplies,Art,2,0.0,35.18,6.57
ORD-10308,06-01-2024,North,Consumer,Office Supplies,Art,3,0.1,33.48,7.6
ORD-10763,18-08-2025,West,Consumer,Office Supplies,Art,8,0.0,151.16,47.46
ORD-10924,11-01-2025,West,Consumer,Office Supplies,Paper,8,0.1,203.9,30.77
ORD-10881,10-04-2024,East,Corporate,Office Supplies,Paper,1,0.1,21.92,1.47
ORD-11281,12-02-2024,East,Consumer,Office Supplies,Art,6,0.0,91.79,22.3
ORD-11004,12-11-2024,South,Small Business,Technology,Laptops,5,0.1,,476.9
ORD-10215,19-12-2025,,Corporate,Office Supplies,Paper,2,0.0,72.93,24.41
ORD-11803,17-06-2024,East,Corporate,Furniture,Tables,1,0.5,268.28,-75.24
ORD-11355,20-05-2025,South,Small Business,Technology,Laptops,4,0.1,3348.01,475.92
ORD-10163,20-09-2025,South,Consumer,Furniture,Chairs,6,0.0,1372.19,221.0
ORD-11225,17-02-2024,East,Consumer,Office Supplies,Art,3,0.2,39.7,3.74
ORD-10471,12-06-2025,East,Corporate,Technology,Printers,5,0.1,1528.0,211.0
ORD-10559,16-01-2024,North,Consumer,Office Supplies,Art,3,0.1,35.57,4.55
ORD-11084,08-06-2025,East,Small Business,Technology,Printers,3,0.1,,185.2
ORD-11628,12-01-2024,East,Consumer,Technology,Laptops,4,0.0,3401.99,633.19
ORD-10538,06-05-2025,North,Consumer,Office Supplies,Paper,1,0.1,21.18,4.81
ORD-11218,12-01-2024,South,Corporate,Office Supplies,Art,8,0.2,83.03,2.95
ORD-11822,09-11-2025,East,Consumer,Furniture,Tables,6,0.4,2990.66,-479.2
ORD-10888,14-04-2024,West,Consumer,Furniture,Tables,3,0.4,890.94,-34.91
ORD-10280,14-06-2024,East,Corporate,Furniture,Bookcases,1,0.2,264.64,41.21
ORD-11962,02-03-2024,North,Corporate,Office Supplies,Storage,1,0.0,106.06,21.14
ORD-10496,28-04-2025,North,Corporate,Office Supplies,Binders,6,0.0,225.18,65.5
ORD-10311,11-07-2024,East,Consumer,Office Supplies,Paper,7,0.0,169.3,43.05
ORD-10131,12-04-2025,North,Consumer,Technology,Printers,3,0.2,559.75,14.65
ORD-10251,22-02-2024,North,Small Business,Technology,Accessories,4,0.1,322.88,20.08
ORD-11826,27-01-2024,West,Consumer,Office Supplies,Paper,8,0.1,165.89,13.11
ORD-10494,10-01-2024,North,Consumer,Technology,Laptops,3,0.2,1870.63,66.19
ORD-11233,03-10-2024,East,Corporate,Furniture,Tables,8,0.5,2709.0,-584.75
ORD-11621,04-02-2024,North,Corporate,Furniture,Tables,3,0.3,864.16,-55.59
ORD-10136,18-05-2024,North,Consumer,Office Supplies,Binders,4,0.0,112.43,26.76
ORD-11658,22-10-2024,East,Corporate,Office Supplies,Paper,2,0.0,64.55,14.55
ORD-10647,10-10-2024,West,Corporate,Technology,Accessories,1,0.0,127.06,39.77
ORD-10866,21-01-2025,East,Corporate,Technology,Phones,1,0.1,344.08,60.23
ORD-11176,28-09-2025,South,Small Business,Technology,Printers,3,0.2,611.86,77.57
ORD-10584,11-08-2025,North,Consumer,Office Supplies,Paper,5,0.0,125.23,26.34
ORD-10778,25-07-2025,East,Consumer,Furniture,Bookcases,2,0.1,596.3,111.56
ORD-11315,18-08-2025,West,Consumer,Office Supplies,Paper,3,0.1,75.19,11.68
ORD-10943,14-09-2025,West,Corporate,Furniture,Chairs,7,0.0,1879.32,568.98
ORD-11849,05-10-2024,South,Consumer,Technology,Printers,8,0.0,2521.04,607.4
ORD-10359,14-10-2025,South,Consumer,Technology,Laptops,5,0.0,5450.57,1422.64
ORD-10970,15-02-2025,Central,Corporate,Technology,Accessories,4,0.0,305.37,55.43
ORD-11038,04-07-2025,West,Consumer,Office Supplies,Paper,6,0.0,137.02,34.25
ORD-11554,30-04-2024,North,Consumer,Furniture,Furnishings,2,0.0,99.28,29.87
ORD-10707,27-07-2025,Central,Consumer,Technology,Accessories,4,0.0,405.45,72.6
ORD-11392,05-12-2025,Central,Small Business,Office Supplies,Paper,2,0.1,73.21,11.98
ORD-10239,11-12-2024,East,Corporate,Office Supplies,Paper,8,0.1,242.92,59.66
ORD-10350,29-10-2025,West,Consumer,Office Supplies,Storage,4,0.0,652.02,202.88
ORD-11152,07-03-2024,West,Corporate,Furniture,Bookcases,1,0.1,220.28,34.93
ORD-11919,08-08-2024,East,Small Business,Technology,Accessories,3,0.1,189.51,47.92
ORD-11597,23-02-2024,South,Consumer,Furniture,Furnishings,1,0.0,62.75,12.4
ORD-10976,10-10-2025,Central,Corporate,Furniture,Chairs,6,0.0,2313.77,494.88
ORD-10979,30-05-2024,North,Consumer,Office Supplies,Paper,4,0.0,115.11,19.49
ORD-11732,02-07-2025,North,Small Business,Office Supplies,Storage,2,0.0,225.53,36.74
ORD-11374,20-03-2025,East,Consumer,Furniture,Tables,4,0.3,1688.89,-31.77
ORD-10659,02-02-2024,South,Consumer,Furniture,Tables,8,0.4,2248.32,-156.54
ORD-11209,23-03-2024,Central,Consumer,Technology,Phones,2,0.0,656.76,167.09
ORD-11371,14-06-2025,North,Corporate,Furniture,Tables,3,0.3,1253.52,-19.62
ORD-10570,19-11-2025,West,Consumer,Office Supplies,Paper,8,0.0,355.59,87.05
ORD-11583,25-11-2024,North,Consumer,Furniture,Chairs,5,0.0,1304.42,274.1
ORD-11285,18-03-2025,East,Small Business,Technology,Phones,3,0.0,1319.33,264.05
ORD-11317,29-03-2025,North,Small Business,Technology,Laptops,6,0.0,5273.02,1553.19
ORD-10649,20-12-2024,West,Consumer,Furniture,Tables,6,0.5,2112.48,-367.66
ORD-10557,19-06-2025,South,Small Business,Furniture,Furnishings,4,0.0,298.15,54.97
ORD-11504,15-09-2024,North,Consumer,Furniture,Tables,4,0.3,1254.57,26.63
ORD-11473,31-03-2024,north,Consumer,Office Supplies,Paper,5,0.0,102.41,29.51
ORD-10027,06-04-2024,East,Consumer,Furniture,Tables,3,0.4,925.4,-65.84
ORD-10425,06-04-2024,South,Small Business,Furniture,Bookcases,1,0.0,354.49,78.36
ORD-11528,05-06-2025,Central,Consumer,Technology,Accessories,4,0.0,350.1,110.81
ORD-11115,05-05-2024,South,Small Business,Office Supplies,Art,2,0.0,33.17,7.11
ORD-10638,18-07-2024,North,Corporate,Technology,Accessories,4,0.0,294.59,82.83
ORD-10941,10-08-2024,East,,Office Supplies,Art,4,0.1,52.93,4.56
ORD-10487,14-02-2024,East,Corporate,Office Supplies,Paper,5,0.0,107.66,30.58
ORD-10991,06-12-2025,East,Corporate,Office Supplies,Paper,3,0.1,116.28,20.55
ORD-11220,14-07-2025,West,Corporate,Office Supplies,Art,5,0.0,71.1,15.79
ORD-11623,04-04-2025,Central,Consumer,Technology,Accessories,5,0.0,394.58,120.01
ORD-11274,13-05-2024,East,,Technology,Printers,6,0.0,1806.34,582.9
ORD-10495,31-07-2025,East,Small Business,Furniture,Furnishings,4,0.0,270.15,76.29
ORD-10597,17-12-2024,West,Consumer,Office Supplies,Storage,7,0.0,1135.43,321.6
ORD-10834,22-07-2024,East,Consumer,Technology,Accessories,7,0.0,581.86,185.79
ORD-11771,24-02-2024,North,Consumer,Office Supplies,Binders,4,0.0,119.46,32.41
ORD-10090,04-12-2025,North,Consumer,Technology,Printers,8,0.0,3196.36,1052.88
ORD-10050,20-09-2024,West,Small Business,Office Supplies,Art,8,0.0,119.01,41.34
ORD-10789,24-09-2024,East,Consumer,Office Supplies,Paper,6,0.0,122.56,41.67
ORD-10262,14-08-2024,South,Small Business,Office Supplies,Art,3,0.1,40.1,4.69
ORD-10711,26-08-2024,North,Consumer,Technology,Accessories,3,0.0,258.03,73.89
ORD-11197,25-01-2024,East,Corporate,Office Supplies,Storage,2,0.1,244.93,59.6
ORD-11128,30-06-2024,North,Consumer,Furniture,Furnishings,1,0.0,50.69,9.46
ORD-10148,05-01-2025,Central,Small Business,Furniture,Chairs,4,0.1,887.31,169.07
ORD-11454,06-08-2025,South,Small Business,Office Supplies,Paper,8,0.1,170.95,32.39
ORD-10390,04-09-2024,East,Corporate,Technology,Printers,5,0.0,1187.4,221.64
ORD-11702,17-03-2025,West,Consumer,Technology,Laptops,7,0.0,8041.16,1586.65
ORD-10078,19-01-2025,West,Small Business,Technology,Phones,6,0.1,2524.75,392.6
ORD-11439,01-08-2024,West,Small Business,Furniture,Furnishings,6,0.1,290.55,44.39
ORD-10874,11-01-2024,East,Consumer,Technology,Phones,1,0.2,225.4,22.17
ORD-11700,19-12-2024,West,Consumer,Office Supplies,Binders,2,0.0,94.01,14.56
ORD-10035,25-03-2024,North,Corporate,Furniture,Chairs,4,0.0,711.44,131.57
ORD-11487,26-05-2024,South,Consumer,Furniture,Chairs,7,0.0,1524.1,298.52
ORD-11087,24-11-2025,Central,Corporate,Furniture,Furnishings,1,0.0,96.36,18.48
ORD-10994,20-10-2025,North,Consumer,Office Supplies,Storage,4,0.0,612.81,139.88
ORD-11093,14-06-2025,West,Small Business,Office Supplies,Art,6,0.0,91.4,21.43
ORD-10323,14-03-2024,West,Consumer,Office Supplies,Storage,7,0.0,763.78,247.92
ORD-11112,08-11-2025,West,Corporate,Office Supplies,Storage,8,0.0,1355.09,279.19
ORD-10006,24-06-2024,West,Corporate,Technology,Printers,3,0.0,667.6,101.12
ORD-11270,22-06-2024,East,Consumer,Technology,Accessories,8,0.0,674.07,108.09
ORD-11984,01-08-2025,East,Small Business,Technology,Laptops,4,0.1,3345.11,726.69
ORD-11247,13-01-2025,West,Consumer,Office Supplies,Paper,3,0.0,73.17,24.85
ORD-10452,10-03-2025,South,Small Business,Technology,Laptops,1,0.0,912.86,144.31
ORD-11643,06-06-2025,East,Consumer,Office Supplies,Art,8,0.0,134.61,20.68
ORD-10815,27-01-2024,North,Corporate,Technology,Laptops,1,0.1,819.01,157.34
ORD-11761,18-02-2024,East,Consumer,Technology,Phones,8,0.0,2811.17,675.29
ORD-10216,29-10-2024,South,Corporate,Office Supplies,Art,1,0.0,17.82,4.33
ORD-11060,09-06-2025,East,Consumer,Furniture,Furnishings,4,0.2,234.78,20.74
ORD-10395,02-03-2024,North,Corporate,Office Supplies,Paper,1,0.0,27.74,4.78
ORD-11785,21-08-2025,East,Consumer,Technology,Accessories,3,0.0,254.66,76.43
ORD-10791,28-11-2024,North,Consumer,Office Supplies,Art,5,0.0,85.81,15.56
ORD-11180,30-05-2025,Central,Small Business,Office Supplies,Art,4,0.0,70.17,12.51
ORD-11726,22-11-2025,North,Corporate,Office Supplies,Storage,8,0.1,1046.29,235.91
ORD-10503,02-02-2025,East,Consumer,Office Supplies,Storage,3,0.0,366.23,123.46
ORD-10733,14-03-2024,West,Consumer,Technology,Printers,6,0.2,1085.6,21.09
ORD-10383,24-01-2025,West,Consumer,Furniture,Tables,5,0.3,2012.19,-143.22
ORD-10725,23-03-2024,,Consumer,Technology,Laptops,5,0.1,4254.2,563.7
ORD-10310,20-10-2024,West,Corporate,Technology,Printers,8,0.0,3179.45,780.65
ORD-10594,22-07-2025,South,Consumer,Technology,Printers,5,0.0,1675.81,289.67
ORD-10959,09-02-2024,South,Small Business,Office Supplies,Art,2,0.1,25.06,6.08
ORD-10520,22-03-2024,North,Consumer,Office Supplies,Art,6,0.2,74.69,11.9
ORD-11727,16-04-2024,West,Consumer,Office Supplies,Binders,8,0.0,245.04,37.56
ORD-11114,26-11-2024,East,Corporate,Furniture,Chairs,1,0.1,282.83,61.32
ORD-10902,16-07-2024,Central,Small Business,Technology,Printers,8,0.0,1799.06,498.76
ORD-11381,31-07-2025,East,Consumer,Office Supplies,Paper,3,0.0,73.84,22.6
ORD-11601,22-02-2024,North,Small Business,Office Supplies,Binders,6,0.0,168.68,49.45
ORD-10205,25-09-2025,Central,Corporate,Office Supplies,Binders,1,0.1,36.27,8.63
ORD-11907,19-05-2025,West,Consumer,Technology,Phones,6,0.1,2375.21,163.76
ORD-10785,13-04-2025,South,Consumer,Technology,Laptops,2,0.0,2053.14,582.29
ORD-11353,20-10-2024,South,Consumer,Technology,Laptops,6,0.0,6705.37,1321.64
ORD-10759,26-12-2024,Central,Corporate,Furniture,Chairs,6,0.0,1596.45,265.02
ORD-11307,03-01-2025,West,Corporate,Office Supplies,Paper,7,0.1,141.87,23.94
ORD-11515,19-08-2025,North,Consumer,Technology,Laptops,2,0.0,2223.29,485.29
ORD-11547,09-02-2024,West,Consumer,Office Supplies,Paper,8,0.0,167.63,53.4
ORD-11178,26-07-2025,West,Corporate,Office Supplies,Storage,4,0.0,486.84,94.39
ORD-11655,21-04-2024,north,Consumer,Office Supplies,Paper,1,0.0,27.14,7.63
ORD-11338,31-07-2024,,Consumer,Furniture,Chairs,3,0.0,778.84,176.51
ORD-10663,24-05-2024,West,Consumer,Office Supplies,Storage,2,0.0,277.99,90.88
ORD-10678,02-03-2025,East,Consumer,Office Supplies,Art,4,0.1,55.08,4.27
ORD-11556,20-01-2024,West,Corporate,Technology,Accessories,3,0.0,,52.13
ORD-10574,03-06-2025,West,Consumer,Technology,Accessories,6,0.1,491.94,125.82
ORD-11005,26-06-2025,West,Consumer,Office Supplies,Art,1,0.0,17.93,4.14
ORD-10629,24-02-2024,West,Consumer,Furniture,Chairs,7,0.0,1497.26,307.14
ORD-10315,18-05-2024,West,Corporate,Technology,Phones,4,0.0,1189.4,320.29
ORD-10742,23-06-2024,North,Corporate,Furniture,Bookcases,3,0.0,784.72,128.87
ORD-11403,10-05-2025,East,Small Business,Technology,Phones,2,0.1,835.31,131.34
ORD-11782,24-11-2025,West,Small Business,Office Supplies,Paper,3,0.2,91.54,0.7
ORD-10786,25-04-2024,South,Corporate,Furniture,Furnishings,4,0.0,258.66,78.78
ORD-11552,31-03-2025,East,Corporate,Furniture,Bookcases,3,0.0,1153.09,316.34
ORD-11563,02-06-2024,West,Corporate,Furniture,Bookcases,8,0.0,2477.02,503.8
ORD-10026,24-07-2024,north,Consumer,Office Supplies,Paper,2,0.2,44.44,3.12
ORD-11198,16-07-2024,South,Corporate,Furniture,Tables,5,0.4,1495.4,-249.36
ORD-11189,05-12-2024,South,Consumer,Office Supplies,Art,3,0.1,65.02,15.26
ORD-11530,20-12-2025,West,Consumer,Technology,Printers,7,0.1,2360.5,600.61
ORD-11750,29-04-2024,West,Consumer,Technology,Accessories,8,0.1,513.53,45.08
ORD-10256,14-11-2024,Central,Consumer,Office Supplies,Storage,8,0.0,1518.69,508.75
ORD-11926,16-04-2024,North,Consumer,Furniture,Chairs,2,0.1,352.24,26.41
ORD-11259,19-08-2025,,Consumer,Furniture,Bookcases,5,0.0,1520.28,422.35
ORD-11605,24-05-2024,West,Corporate,Office Supplies,Storage,8,0.0,976.08,321.65
ORD-10188,21-05-2024,NORTH,Small Business,Office Supplies,Storage,4,0.0,501.55,91.03
ORD-10189,12-01-2025,North,Consumer,Furniture,Furnishings,4,0.2,252.56,4.36
ORD-11616,27-05-2025,Central,Corporate,Office Supplies,Paper,5,0.0,121.64,40.56
ORD-10662,17-06-2025,North,Corporate,Technology,Laptops,3,0.0,2450.08,784.83
ORD-10242,02-06-2025,North,Corporate,Office Supplies,Storage,6,0.0,828.97,280.37
ORD-11809,21-03-2024,North,Consumer,Office Supplies,Binders,2,0.0,53.26,11.52
ORD-10682,13-01-2024,North,Corporate,Furniture,Bookcases,1,0.1,273.06,37.4
ORD-10688,09-11-2024,North,Small Business,Furniture,Tables,1,0.3,443.13,-36.07
ORD-10825,03-11-2025,South,Small Business,Office Supplies,Storage,5,0.0,961.95,237.06
ORD-10863,14-10-2025,South,Small Business,Office Supplies,Paper,3,0.2,81.53,6.0
ORD-10498,08-11-2025,North,Consumer,Office Supplies,Storage,2,0.0,391.64,84.18
ORD-10041,24-09-2024,South,Small Business,Technology,Accessories,5,0.0,372.4,106.93
ORD-11477,06-11-2024,NORTH,Consumer,Technology,Printers,7,0.2,2123.86,191.04
ORD-11687,16-03-2025,West,Consumer,Technology,Accessories,3,0.0,229.54,46.81
ORD-10448,12-06-2025,North,Consumer,Technology,Printers,5,0.0,1548.51,390.59
ORD-10099,15-06-2024,East,Corporate,Office Supplies,Art,3,0.2,33.56,-0.68
ORD-10990,09-12-2024,East,Corporate,Technology,Accessories,6,0.1,583.56,56.98
ORD-11260,02-12-2024,Central,Small Business,Office Supplies,Art,3,0.1,48.9,3.8
ORD-11821,11-06-2025,East,Consumer,Office Supplies,Binders,5,0.1,121.6,24.4
ORD-10922,09-08-2025,South,Small Business,Office Supplies,Paper,5,0.0,112.29,19.72
ORD-10582,29-07-2024,East,Consumer,Furniture,Bookcases,5,0.1,1177.37,124.43
ORD-11030,09-03-2024,East,Consumer,Office Supplies,Paper,4,0.1,79.02,10.34
ORD-10484,25-12-2025,South,Small Business,Office Supplies,Paper,2,0.0,75.21,12.7
ORD-11124,15-03-2025,East,Corporate,Technology,Laptops,5,0.1,5345.79,628.71
ORD-10720,21-08-2024,North,Corporate,Office Supplies,Binders,1,0.0,33.55,8.51
ORD-11940,21-09-2025,West,Consumer,Office Supplies,Art,2,0.1,34.65,8.56
ORD-11829,22-03-2025,north,Small Business,Office Supplies,Art,1,0.0,18.45,5.58
ORD-10250,05-11-2025,East,Consumer,Furniture,Chairs,1,0.1,242.1,22.05
ORD-10436,11-03-2024,West,Small Business,Office Supplies,Art,1,0.0,13.87,3.28
ORD-10076,12-01-2025,North,Consumer,Technology,Printers,5,0.2,1117.53,107.47
ORD-11575,25-05-2025,South,Consumer,Office Supplies,Art,8,0.1,132.19,12.97
ORD-11230,13-02-2025,South,Corporate,Office Supplies,Storage,8,0.0,1136.46,297.8
ORD-10719,17-04-2025,North,Consumer,Furniture,Chairs,1,0.0,216.04,62.02
ORD-10516,17-07-2024,West,Consumer,Office Supplies,Paper,3,0.0,66.22,17.04
ORD-10819,24-01-2024,South,Consumer,Office Supplies,Paper,5,0.0,137.5,37.09
ORD-10890,02-12-2025,East,Corporate,Furniture,Furnishings,1,0.1,68.53,11.32
ORD-11682,28-02-2025,Central,Consumer,Office Supplies,Binders,8,0.1,217.12,46.93
ORD-11625,16-04-2024,East,Corporate,Furniture,Chairs,4,0.0,758.36,247.0
ORD-10685,07-07-2024,North,Consumer,Technology,Accessories,8,0.0,556.07,134.48
ORD-11898,13-11-2024,Central,Small Business,Office Supplies,Binders,5,0.1,202.4,49.29
ORD-11343,29-01-2025,West,Small Business,Technology,Laptops,5,0.2,3399.38,514.13
ORD-10439,05-09-2024,East,Corporate,Technology,Phones,2,0.0,790.1,134.87
ORD-10419,29-07-2024,,Consumer,Furniture,Tables,5,0.4,1264.34,-88.52
ORD-11210,28-04-2024,West,Corporate,Office Supplies,Storage,4,0.0,428.19,92.09
ORD-10831,29-05-2024,West,Consumer,Office Supplies,Art,7,0.0,104.98,19.14
ORD-11428,12-02-2025,South,Corporate,Technology,Laptops,3,0.0,3550.99,948.31
ORD-11437,15-02-2025,West,Consumer,Office Supplies,Storage,2,0.0,240.05,52.11
ORD-10777,22-07-2025,North ,Small Business,Furniture,Furnishings,6,0.1,307.23,50.95
ORD-10502,16-04-2024,East,Consumer,Technology,Phones,3,0.1,1073.88,199.26
ORD-11476,03-11-2024,Central,,Office Supplies,Paper,6,0.1,151.04,33.37
ORD-11991,08-05-2024,West,Consumer,Technology,Printers,7,0.1,1640.0,370.06
ORD-11586,29-10-2024,East,Small Business,Office Supplies,Binders,2,0.2,57.95,7.11
ORD-11283,23-03-2025,West,Consumer,Office Supplies,Paper,4,0.0,126.03,40.57
ORD-11902,06-05-2025,North,Corporate,Technology,Accessories,8,0.1,572.72,49.51
ORD-11286,07-08-2025,North,Consumer,Technology,Phones,4,0.0,1364.93,365.73
ORD-10200,15-10-2024,North,Consumer,Furniture,Tables,2,0.5,655.62,-103.83
ORD-10349,27-11-2024,,Consumer,Office Supplies,Art,1,0.0,23.71,6.24
ORD-11412,14-02-2025,Central,Small Business,Office Supplies,Art,6,0.1,102.62,16.02
ORD-11282,21-03-2025,West,Small Business,Furniture,Tables,1,0.4,384.22,-70.92
ORD-10839,11-09-2024,West,Consumer,Technology,Laptops,5,0.0,4750.93,835.26
ORD-11167,16-02-2024,South,Consumer,Office Supplies,Storage,1,0.0,122.67,32.34
ORD-10635,19-07-2024,South,Consumer,Office Supplies,Binders,4,0.1,115.12,16.38
ORD-11693,13-07-2024,West,Consumer,Furniture,Furnishings,7,0.0,370.74,126.28
ORD-11452,19-10-2024,North,Small Business,Office Supplies,Binders,3,0.1,114.13,19.65
ORD-10318,11-07-2025,Central,Corporate,Furniture,Furnishings,8,0.1,425.39,33.77
ORD-10059,08-10-2025,Central,Consumer,Furniture,Tables,2,0.3,1101.24,-91.73
ORD-10543,14-01-2025,East,Consumer,Furniture,Tables,1,0.5,266.57,-40.99
ORD-10581,26-06-2025,East,Consumer,Furniture,Bookcases,6,0.0,1734.29,529.04
ORD-10355,28-09-2025,West,Corporate,Technology,Printers,8,0.0,2505.49,570.18
ORD-11263,16-01-2025,North,Corporate,Office Supplies,Paper,2,0.1,53.92,4.75
ORD-11135,10-04-2025,East,Consumer,Technology,Accessories,8,0.0,723.84,234.74
ORD-10493,03-03-2024,East,Consumer,Furniture,Furnishings,7,0.0,,126.69
ORD-11893,09-04-2025,North,Consumer,Technology,Accessories,6,0.0,497.65,170.81
ORD-11660,08-05-2024,South,Small Business,Technology,Printers,6,0.0,1466.64,343.38
ORD-10723,14-04-2024,West,Consumer,Office Supplies,Paper,7,0.1,151.96,18.62
ORD-10180,25-12-2024,West,Small Business,Furniture,Bookcases,2,0.2,543.49,27.72
ORD-10952,19-11-2025,West,Corporate,Technology,Printers,7,0.1,2577.14,189.81
ORD-11719,18-03-2025,North,Corporate,Technology,Laptops,8,0.0,9634.38,1892.1
ORD-10244,20-09-2024,South,Corporate,Office Supplies,Binders,7,0.0,186.81,37.38
ORD-11734,30-12-2025,North,Corporate,Office Supplies,Art,8,0.1,171.14,29.52
ORD-10274,05-01-2025,West,Consumer,Office Supplies,Binders,2,0.0,60.84,13.37
ORD-11675,24-04-2025,NORTH,Consumer,Furniture,Tables,1,0.5,240.11,-56.86
ORD-10576,02-06-2024,North,Corporate,Furniture,Furnishings,5,0.0,326.83,107.61
ORD-11378,05-08-2024,South,Small Business,Technology,Printers,5,0.0,1365.73,339.89
ORD-10392,27-06-2025,North,Corporate,Office Supplies,Art,3,0.0,52.54,10.42
ORD-11459,28-08-2024,West,Small Business,Office Supplies,Art,3,0.0,49.3,13.42
ORD-10220,28-01-2025,West,Consumer,Technology,Phones,5,0.1,1501.72,371.98
ORD-10234,19-02-2024,South,Small Business,Technology,Phones,4,0.0,1566.08,283.0
ORD-10940,01-08-2024,South,Consumer,Technology,Accessories,1,0.0,91.79,32.09
ORD-10034,18-09-2024,North,Consumer,Furniture,Tables,5,0.3,1898.17,121.85
ORD-10085,22-01-2024,North,Small Business,Office Supplies,Paper,5,0.1,108.06,21.0
ORD-10746,26-06-2025,North,Corporate,Furniture,Furnishings,6,0.0,325.04,57.21
ORD-10156,26-05-2025,South,Small Business,Office Supplies,Paper,4,0.1,86.17,12.9
ORD-11792,20-07-2024,East,Consumer,Furniture,Bookcases,1,0.1,256.66,53.34
ORD-11963,15-05-2025,East,Consumer,Office Supplies,Paper,8,0.1,183.55,33.47
ORD-11460,30-05-2025,South,Consumer,Technology,Phones,3,0.0,1003.56,325.55
ORD-11146,19-03-2025,West,Corporate,Furniture,Chairs,3,0.0,645.26,190.86
ORD-11130,05-07-2024,West,,Office Supplies,Binders,6,0.1,175.62,15.65
ORD-10912,28-04-2025,West,Corporate,Office Supplies,Art,8,0.1,132.92,25.7
ORD-10363,18-01-2025,South,Consumer,Office Supplies,Art,5,0.2,71.31,-0.71
ORD-11758,06-01-2024,,Corporate,Office Supplies,Storage,2,0.0,208.79,44.58
ORD-11183,28-08-2024,West,Corporate,Technology,Printers,4,0.0,1235.42,277.27
ORD-11104,23-03-2024,North,Small Business,Technology,Accessories,7,0.1,426.49,39.3
ORD-11248,15-04-2024,Central,Consumer,Office Supplies,Binders,3,0.0,90.96,19.97
ORD-11827,28-10-2024,East,Small Business,Office Supplies,Art,3,0.0,,7.74
ORD-10380,17-10-2024,East,Small Business,Furniture,Tables,8,0.5,2205.13,-389.13
ORD-11231,19-11-2025,West,Consumer,Furniture,Tables,2,0.5,838.08,-235.42
ORD-11851,08-04-2025,Central,Corporate,Office Supplies,Storage,4,0.0,622.38,191.36
ORD-11775,28-08-2025,South,Consumer,Office Supplies,Binders,5,0.0,167.9,35.31
ORD-10509,27-09-2024,Central,Consumer,Technology,Laptops,2,0.0,1586.66,276.04
ORD-10067,24-07-2024,North,Small Business,Furniture,Tables,1,0.4,268.89,-16.53
ORD-11814,25-07-2025,West,Small Business,Furniture,Chairs,8,0.0,1909.18,575.81
ORD-11681,12-12-2025,West,Consumer,Furniture,Bookcases,7,0.0,2662.61,863.2
ORD-11245,28-05-2024,East,Corporate,Office Supplies,Binders,4,0.1,112.51,9.86
ORD-10983,14-04-2025,North,Consumer,Office Supplies,Art,7,0.0,111.46,27.62
ORD-11622,14-05-2025,Central,Small Business,Technology,Laptops,8,0.1,7348.72,500.34
ORD-11131,01-10-2025,South,Consumer,Technology,Printers,8,0.0,2899.29,937.69
ORD-10187,29-11-2024,North,Consumer,Technology,Printers,4,0.0,1340.17,305.96
ORD-11014,14-01-2025,West,Consumer,Office Supplies,Paper,8,0.1,241.67,36.33
ORD-11171,10-10-2024,East,Consumer,Furniture,Bookcases,7,0.0,3235.56,529.05
ORD-10393,22-03-2025,East,Corporate,Furniture,Chairs,2,0.1,495.12,60.36
ORD-11852,29-03-2025,South,Corporate,Technology,Printers,4,0.1,992.58,198.81
ORD-11310,29-12-2025,North,Small Business,Office Supplies,Paper,3,0.0,104.57,24.32
ORD-10074,24-03-2025,West,Consumer,Office Supplies,Art,7,0.0,111.33,24.24
ORD-10009,05-06-2024,North,Consumer,Technology,Printers,8,0.1,1803.51,192.59
ORD-10010,02-04-2024,West,Consumer,Technology,Laptops,6,0.1,5411.9,764.58
ORD-11108,15-08-2024,East,Consumer,Technology,Phones,8,0.0,2720.91,772.24
ORD-11606,03-08-2024,North,Corporate,Office Supplies,Storage,1,0.0,130.33,45.11
ORD-10826,25-11-2024,West,Consumer,Furniture,Bookcases,1,0.1,357.69,26.8
ORD-11813,13-05-2025,East,Corporate,Furniture,Chairs,2,0.1,487.46,126.0
ORD-10284,26-04-2025,West,Consumer,Technology,Printers,1,0.0,263.85,62.01
ORD-11143,16-04-2025,North,Consumer,Technology,Phones,1,0.2,291.31,48.34
ORD-10616,25-10-2024,North,Corporate,Furniture,Chairs,1,0.1,222.13,55.27
ORD-11059,29-08-2024,Central,Consumer,Office Supplies,Storage,3,0.0,378.08,76.65
ORD-11952,15-07-2025,South,Small Business,Technology,Accessories,2,0.1,146.91,22.21
ORD-11870,04-08-2024,West,Small Business,Technology,Laptops,4,0.0,2953.29,903.89
ORD-11712,30-06-2025,West,Consumer,Technology,Printers,8,0.1,1802.83,393.69
ORD-10473,26-11-2025,East,Consumer,Office Supplies,Binders,3,0.0,132.72,23.36
ORD-10139,28-05-2024,East,Consumer,Office Supplies,Storage,6,0.1,658.91,165.11
ORD-11600,26-05-2024,South,Consumer,Furniture,Furnishings,4,0.0,262.5,72.53
ORD-10191,23-09-2025,North,Consumer,Office Supplies,Storage,6,0.0,951.18,159.91
ORD-11780,28-05-2025,East,Corporate,Office Supplies,Art,6,0.0,85.74,23.03
ORD-10482,05-09-2024,East,Consumer,Furniture,Tables,4,0.4,980.85,-135.37
ORD-11638,02-02-2025,West,Corporate,Technology,Phones,2,0.0,656.6,186.7
ORD-11999,25-12-2024,North ,Consumer,Office Supplies,Art,5,0.1,93.55,9.08
ORD-10320,19-05-2024,West,Small Business,Technology,Printers,6,0.1,1453.15,214.23
ORD-11748,13-06-2025,North,Consumer,Office Supplies,Art,4,0.1,64.66,13.56
ORD-10754,21-06-2025,West,Small Business,Furniture,Furnishings,1,0.0,55.49,18.19
ORD-11041,01-06-2025,North,Corporate,Technology,Phones,6,0.0,1937.86,406.19
ORD-11998,12-06-2025,East,Consumer,Technology,Phones,1,0.0,382.83,78.32
ORD-10430,19-05-2025,East,Consumer,Office Supplies,Paper,6,0.1,,25.63
ORD-11990,25-03-2024,South,Small Business,Office Supplies,Storage,7,0.1,852.34,70.54
ORD-11964,29-03-2025,North,Consumer,Furniture,Bookcases,4,0.0,1445.11,260.67
ORD-11481,16-04-2025,West,Consumer,Technology,Phones,8,0.0,3527.28,963.78
ORD-10207,20-03-2024,Central,Small Business,Office Supplies,Paper,8,0.1,160.21,36.78
ORD-10237,08-04-2024,North,Consumer,Office Supplies,Binders,8,0.1,232.72,45.73
ORD-11003,06-08-2024,Central,Small Business,Office Supplies,Binders,6,0.0,194.67,52.56
ORD-11506,28-09-2024,North,Corporate,Office Supplies,Binders,2,0.0,66.88,12.24
ORD-10345,21-02-2025,South,Consumer,Office Supplies,Art,8,0.0,130.23,28.46
ORD-10962,29-08-2024,West,Consumer,Office Supplies,Art,1,0.0,13.12,2.67
ORD-11520,25-12-2024,Central,Corporate,Technology,Laptops,4,0.0,5559.48,1135.58
ORD-11715,27-02-2024,West,Small Business,Furniture,Chairs,1,0.1,217.76,30.24
ORD-11745,27-01-2025,East,Consumer,Office Supplies,Art,1,0.1,17.56,2.29
ORD-10457,27-08-2025,East,Corporate,Technology,Printers,7,0.2,1897.54,157.23
ORD-10300,30-05-2025,West,Consumer,Furniture,Furnishings,3,0.0,177.76,58.24
ORD-11199,25-06-2025,,Consumer,Office Supplies,Binders,2,0.1,51.45,10.17
ORD-10459,02-01-2024,West,Corporate,Office Supplies,Storage,8,0.1,987.02,84.71
ORD-10942,22-12-2024,West,Corporate,Office Supplies,Storage,2,0.0,351.39,82.37
ORD-11097,05-12-2024,West,Consumer,Furniture,Bookcases,5,0.0,2229.4,642.85
ORD-11165,16-08-2024,West,Consumer,Office Supplies,Art,3,0.1,46.39,9.98
ORD-10474,31-12-2024,West,Consumer,Office Supplies,Art,1,0.0,18.2,3.55
ORD-11760,29-09-2025,East,,Furniture,Chairs,2,0.2,438.13,44.65
ORD-10463,26-09-2025,East,Consumer,Technology,Printers,5,0.0,1228.66,308.63
ORD-10005,04-05-2025,West,Small Business,Furniture,Tables,5,0.5,1310.21,-311.21
ORD-10841,29-05-2024,East,Corporate,Technology,Accessories,6,0.1,396.76,46.93
ORD-10326,06-10-2024,West,Consumer,Technology,Printers,8,0.0,2510.17,546.37
ORD-11147,22-05-2025,West,Consumer,Office Supplies,Art,6,0.1,77.5,16.69
ORD-11179,30-06-2025,East,Corporate,Technology,Laptops,6,0.0,4855.32,1155.86
ORD-11497,04-12-2025,South,Consumer,Office Supplies,Storage,8,0.2,1211.21,63.72
ORD-10892,17-10-2025,West,Consumer,Office Supplies,Binders,4,0.0,148.34,49.25
ORD-11083,23-11-2024,South,Corporate,Furniture,Furnishings,4,0.0,285.47,98.82
ORD-10013,26-10-2025,West,Corporate,Office Supplies,Binders,3,0.0,146.95,50.53
ORD-10694,12-12-2024,South,Corporate,Office Supplies,Paper,4,0.1,,32.41
ORD-10387,03-05-2024,,Small Business,Office Supplies,Binders,8,0.0,219.23,47.11
ORD-10523,10-02-2024,north,Consumer,Furniture,Chairs,8,0.0,1506.14,422.27
ORD-11824,14-06-2024,North,Corporate,Office Supplies,Binders,1,0.1,24.93,6.3
ORD-11344,01-12-2025,North,Corporate,Furniture,Tables,5,0.3,2933.77,50.88
ORD-11352,05-11-2024,West,Consumer,Technology,Printers,7,0.1,2012.39,221.1
ORD-10603,23-12-2024,West,Small Business,Furniture,Furnishings,7,0.1,423.62,92.4
ORD-10842,11-11-2024,North ,Small Business,Office Supplies,Binders,6,0.1,190.12,21.89
ORD-10322,09-09-2024,East,Corporate,Office Supplies,Art,5,0.1,73.45,16.02
ORD-11221,03-08-2024,South,Corporate,Office Supplies,Art,1,0.0,14.96,3.0
ORD-11918,25-12-2025,North,Corporate,Office Supplies,Storage,6,0.1,1021.93,69.98
ORD-11013,07-05-2024,East,Consumer,Office Supplies,Paper,3,0.0,88.06,21.45
ORD-11440,21-11-2024,South,Consumer,Technology,Laptops,7,0.0,7158.2,1521.0
ORD-11610,13-04-2024,West,Consumer,Office Supplies,Art,4,0.0,52.17,9.03
ORD-11975,19-04-2025,North,Consumer,Office Supplies,Paper,1,0.1,21.96,3.26
ORD-10554,11-07-2025,East,Consumer,Technology,Accessories,2,0.0,168.93,29.17
ORD-10830,24-11-2025,West,Consumer,Office Supplies,Art,8,0.1,139.24,30.76
ORD-11936,23-12-2025,East,Consumer,Office Supplies,Binders,8,0.0,377.15,89.48
ORD-10455,31-07-2025,West,Corporate,Technology,Printers,4,0.0,934.97,280.74
ORD-10307,26-09-2025,North ,Consumer,Office Supplies,Binders,2,0.0,63.69,10.43
ORD-10072,11-08-2024,South,Consumer,Technology,Printers,2,0.0,604.68,118.86
ORD-10257,10-12-2025,North,Small Business,Office Supplies,Paper,6,0.2,210.9,16.89
ORD-11370,22-09-2024,North,Consumer,Furniture,Furnishings,7,0.2,335.74,5.72
ORD-10002,11-10-2025,South,Small Business,Furniture,Chairs,5,0.1,1693.05,358.28
ORD-11950,01-09-2024,North,Consumer,Technology,Accessories,8,0.0,717.4,234.89
ORD-10284,26-04-2025,West,Consumer,Technology,Printers,1,0.0,263.85,62.01
ORD-11129,06-09-2024,West,Corporate,Office Supplies,Art,7,0.1,94.66,16.11
ORD-11839,27-11-2025,Central,Corporate,Technology,Printers,1,0.0,433.29,102.24
ORD-10929,08-11-2025,North,Small Business,Office Supplies,Paper,2,0.0,80.44,13.44
ORD-11534,02-09-2025,North,Consumer,Technology,Phones,2,0.0,896.11,194.82
ORD-10479,08-05-2024,South,Consumer,Office Supplies,Art,6,0.1,66.48,8.64
ORD-11421,16-04-2025,Central,Small Business,Furniture,Furnishings,7,0.1,417.6,65.56
ORD-10909,07-11-2024,East,Consumer,Office Supplies,Paper,8,0.1,220.09,40.86
ORD-10117,29-11-2025,,Consumer,Technology,Phones,1,0.0,474.92,142.81
ORD-11257,13-08-2025,South,Consumer,Technology,Accessories,1,0.2,62.39,9.17
ORD-11713,02-03-2025,North,Consumer,Office Supplies,Art,8,0.0,118.35,26.5
ORD-11029,31-12-2024,West,Consumer,Office Supplies,Binders,1,0.0,35.26,9.77
ORD-10466,04-11-2024,West,Corporate,Technology,Accessories,4,0.0,517.99,165.96
ORD-11567,28-12-2025,East,Consumer,Office Supplies,Paper,8,0.1,308.89,41.15
ORD-11144,26-04-2025,South,Small Business,Furniture,Chairs,2,0.0,505.38,103.36
ORD-10445,15-05-2025,North,Corporate,Furniture,Tables,5,0.4,1644.4,-257.02
ORD-11035,09-06-2025,South,Consumer,Technology,Phones,3,0.0,1289.54,419.42
ORD-10776,26-06-2025,East,Small Business,Technology,Laptops,2,0.2,1344.98,117.96
ORD-10604,22-02-2024,NORTH,Consumer,Office Supplies,Storage,7,0.1,880.81,208.5
ORD-10568,20-11-2024,South,Small Business,Office Supplies,Binders,1,0.1,42.79,9.87
ORD-11390,29-07-2024,West,Consumer,Office Supplies,Binders,8,0.0,263.95,64.95
ORD-11959,04-10-2024,West,Consumer,Office Supplies,Binders,5,0.0,235.64,71.42
ORD-11078,20-02-2025,West,Corporate,Technology,Accessories,4,0.0,,72.42
ORD-11092,21-03-2025,East,Consumer,Office Supplies,Storage,8,0.1,849.47,110.31
ORD-10084,06-10-2024,North,Corporate,Office Supplies,Binders,7,0.1,228.06,52.82
ORD-11735,09-09-2024,North,Consumer,Office Supplies,Paper,2,0.0,50.29,16.9
ORD-11656,08-02-2024,East,Small Business,Office Supplies,Paper,4,0.2,73.88,2.08
ORD-11195,23-09-2024,South,Small Business,Furniture,Tables,6,0.3,2102.55,-140.95
ORD-10755,23-08-2024,West,Corporate,Office Supplies,Art,8,0.0,139.5,28.61
ORD-11398,12-06-2024,East,Corporate,Technology,Accessories,1,0.0,77.29,18.85
ORD-10151,25-12-2024,North,Consumer,Office Supplies,Binders,2,0.0,93.73,30.54
ORD-11564,19-07-2025,East,Consumer,Office Supplies,Paper,6,0.1,176.21,32.96
ORD-11205,14-09-2025,,Small Business,Office Supplies,Binders,7,0.2,196.38,28.36
ORD-10388,09-03-2024,South,Consumer,Office Supplies,Art,2,0.2,20.62,1.52
ORD-10731,30-03-2025,North,Consumer,Office Supplies,Art,6,0.0,107.69,22.35
ORD-10172,26-12-2025,East,Consumer,Office Supplies,Paper,6,0.0,267.22,89.46
ORD-11215,16-04-2024,East,Consumer,Technology,Printers,2,0.0,533.6,111.37
ORD-10530,18-04-2025,,Consumer,Office Supplies,Storage,4,0.0,539.94,150.14
ORD-11244,10-08-2025,North,Consumer,Office Supplies,Art,5,0.0,91.96,31.74
ORD-10765,09-07-2025,West,Small Business,Office Supplies,Storage,6,0.0,827.16,244.33
ORD-10735,09-05-2025,South,Consumer,Office Supplies,Paper,5,0.1,143.67,28.68
ORD-11543,22-10-2024,West,Small Business,Technology,Printers,8,0.1,2478.5,625.74
ORD-11531,01-06-2024,South,Consumer,Furniture,Tables,7,0.5,1628.1,-270.03
ORD-11402,10-03-2025,East,Consumer,Office Supplies,Art,7,0.1,92.9,8.21
ORD-10374,01-02-2025,NORTH,Consumer,Office Supplies,Binders,4,0.0,120.71,32.3
ORD-11181,08-06-2024,,Consumer,Office Supplies,Binders,8,0.0,193.71,65.23
ORD-10709,26-07-2025,North,Consumer,Office Supplies,Storage,8,0.0,941.42,287.91
ORD-10937,08-01-2024,,Consumer,Furniture,Furnishings,7,0.0,393.03,103.91
ORD-11828,02-12-2025,North,Corporate,Office Supplies,Binders,7,0.0,301.26,75.82
ORD-11074,07-11-2025,South,Corporate,Technology,Printers,6,0.1,2377.83,265.56
ORD-11598,30-03-2025,North,Consumer,Technology,Phones,4,0.1,1194.29,217.16
ORD-11806,01-02-2024,North,Corporate,Office Supplies,Binders,6,0.2,165.66,1.93
ORD-10670,01-07-2025,South,Consumer,Office Supplies,Art,4,0.0,61.57,18.58
ORD-10032,13-11-2025,East,Corporate,Technology,Printers,5,0.0,2046.67,460.17
ORD-10238,29-12-2025,West,Corporate,Technology,Laptops,1,0.1,1195.8,128.44
ORD-10127,27-11-2025,South,Consumer,Technology,Accessories,7,0.0,732.78,140.36
ORD-10354,14-02-2024,West,Consumer,Office Supplies,Binders,4,0.1,129.04,12.02
ORD-10164,08-08-2025,North,Corporate,Office Supplies,Binders,2,0.0,78.75,13.5
ORD-11367,13-10-2024,South,Small Business,Office Supplies,Art,1,0.0,22.99,6.04
ORD-11269,13-10-2024,East,Small Business,Office Supplies,Paper,8,0.2,188.59,13.46
ORD-10492,20-01-2024,West,Consumer,Furniture,Tables,2,0.5,482.07,-120.5
ORD-10472,14-02-2024,Central,Small Business,Technology,Laptops,7,0.0,7071.1,1123.45
ORD-11768,06-04-2025,South,Small Business,Technology,Laptops,4,0.1,2938.33,429.86
ORD-11395,23-02-2024,East,Small Business,Technology,Printers,5,0.1,1312.58,167.03
ORD-11539,04-11-2024,North,Corporate,Office Supplies,Storage,5,0.0,818.88,215.04
ORD-11778,21-02-2024,East,Corporate,Office Supplies,Binders,2,0.0,62.01,9.98
ORD-10089,19-02-2024,,Consumer,Technology,Accessories,1,0.0,70.46,16.96
ORD-11314,25-05-2024,East,Consumer,Office Supplies,Binders,3,0.0,101.48,28.04
ORD-10097,02-01-2024,East,Consumer,Technology,Laptops,2,0.1,1368.62,82.45
ORD-11066,24-05-2024,East,Consumer,Office Supplies,Paper,4,0.0,89.08,30.91
ORD-11023,30-01-2025,West,Consumer,Office Supplies,Binders,1,0.0,35.54,11.1
ORD-11956,08-09-2024,East,Corporate,Office Supplies,Art,5,0.0,80.31,13.16
ORD-11335,12-08-2025,Central,Small Business,Office Supplies,Paper,8,0.0,237.6,51.17
ORD-10449,29-03-2025,West,Consumer,Furniture,Chairs,4,0.0,1098.66,351.63
ORD-10550,14-05-2024,Central,Small Business,Office Supplies,Storage,8,0.1,735.22,115.33
ORD-11359,25-05-2024,East,Consumer,Office Supplies,Binders,5,0.1,118.0,28.12
ORD-10218,21-10-2024,East,Corporate,Technology,Printers,2,0.0,673.69,122.87
ORD-10178,31-05-2025,East,Corporate,Office Supplies,Paper,3,0.0,96.58,24.54
ORD-10433,07-12-2025,North,Small Business,Technology,Phones,1,0.0,583.45,143.44
ORD-10567,08-09-2024,,Consumer,Office Supplies,Binders,2,0.1,63.5,10.42
ORD-11608,16-07-2025,South,Consumer,Office Supplies,Paper,5,0.0,128.16,43.59
ORD-10741,14-04-2025,West,Corporate,Technology,Phones,5,0.0,2049.82,556.61
ORD-11301,02-09-2025,South,Corporate,Office Supplies,Art,8,0.0,128.48,20.2
ORD-10483,31-07-2025,,Consumer,Technology,Phones,8,0.0,3610.56,954.28
ORD-11535,29-07-2025,West,Consumer,Furniture,Furnishings,8,0.0,504.37,143.63
ORD-11602,23-12-2025,East,Consumer,Office Supplies,Paper,7,0.0,281.94,91.42
ORD-10437,11-09-2025,North,Small Business,Office Supplies,Paper,2,0.1,48.52,7.83
ORD-10780,04-08-2025,West,Consumer,Office Supplies,Art,7,0.0,107.86,16.38
ORD-10548,24-01-2024,East,Small Business,Technology,Phones,6,0.0,1696.3,436.45
ORD-10853,17-09-2025,West,Consumer,Office Supplies,Storage,4,0.1,435.36,109.19
ORD-11085,19-03-2025,East,Consumer,Office Supplies,Binders,7,0.0,210.47,67.43
ORD-11812,16-07-2024,North,Corporate,Technology,Phones,6,0.0,2218.77,604.96
ORD-10782,12-03-2025,South,Corporate,Furniture,Furnishings,3,0.0,182.85,36.2
ORD-11468,15-02-2024,East,Corporate,Technology,Printers,4,0.0,992.4,170.06
ORD-11238,16-12-2025,North,Small Business,Office Supplies,Paper,8,0.2,261.0,22.11
ORD-11409,26-12-2025,South,Consumer,Office Supplies,Binders,5,0.0,252.01,69.21
ORD-11007,23-11-2025,East,Corporate,Furniture,Furnishings,2,0.0,210.61,66.9
ORD-11297,20-01-2024,West,Small Business,Furniture,Furnishings,2,0.0,96.26,31.46
ORD-11504,15-09-2024,North,Consumer,Furniture,Tables,4,0.3,1254.57,26.63
ORD-10673,05-05-2024,North,Small Business,Office Supplies,Storage,3,0.1,338.53,83.69
ORD-11943,24-04-2025,North,Consumer,Office Supplies,Art,1,0.0,17.4,3.3
ORD-10686,23-04-2024,Central,Consumer,Furniture,Tables,8,0.3,2229.08,161.69
ORD-11361,22-12-2025,East,Small Business,Office Supplies,Art,7,0.0,142.57,38.81
ORD-11710,16-07-2024,South,Small Business,Office Supplies,Paper,7,0.0,173.26,43.87
ORD-10817,30-10-2024,Central,Corporate,Furniture,Bookcases,1,0.0,451.69,109.3
ORD-10752,06-03-2024,East,Corporate,Office Supplies,Storage,5,0.1,,44.86
ORD-10121,10-09-2025,South,Consumer,Furniture,Furnishings,7,0.0,492.37,90.13
ORD-10699,03-08-2024,South,Consumer,Office Supplies,Storage,5,0.0,524.14,123.22
ORD-10876,26-08-2024,North,Consumer,Furniture,Furnishings,6,0.0,343.59,107.77
ORD-11553,02-12-2025,East,Consumer,Office Supplies,Art,3,0.0,63.86,17.0
ORD-11040,28-11-2025,South,Consumer,Furniture,Tables,5,0.5,1921.97,-212.03
ORD-11916,06-02-2024,West,Corporate,Furniture,Bookcases,4,0.2,,54.62
ORD-10578,28-01-2025,South,Consumer,Office Supplies,Paper,5,0.0,154.58,43.39
ORD-10855,07-07-2025,Central,Small Business,Technology,Accessories,6,0.1,477.11,98.75
ORD-11406,10-06-2025,East,Consumer,Technology,Printers,3,0.1,891.08,227.59
ORD-10038,22-10-2024,Central,Small Business,Office Supplies,Paper,1,0.1,25.5,6.13
ORD-10031,27-07-2025,West,Consumer,Technology,Phones,6,0.0,1898.38,599.67
ORD-11418,14-08-2024,South,Consumer,Technology,Accessories,1,0.0,95.51,23.18
ORD-10106,03-08-2025,Central,Corporate,Office Supplies,Paper,2,0.0,67.02,10.28
ORD-10023,02-02-2024,West,Small Business,Furniture,Tables,5,0.5,1168.85,-175.65
ORD-10710,04-06-2024,East,Consumer,Technology,Laptops,8,0.2,5501.21,345.16
ORD-10069,15-08-2024,West,Consumer,Office Supplies,Paper,4,0.1,96.76,13.31
ORD-11819,02-10-2024,South,Corporate,Office Supplies,Binders,1,0.0,37.85,12.88
ORD-11119,20-09-2024,North,Consumer,Technology,Accessories,7,0.1,493.54,70.73
ORD-11788,25-09-2024,West,Small Business,Office Supplies,Binders,1,0.0,34.91,8.43
ORD-11127,12-07-2024,Central,Corporate,Office Supplies,Art,6,0.0,95.11,18.01
ORD-11939,22-05-2024,North,Corporate,Technology,Phones,6,0.0,2132.94,726.28
ORD-11508,13-03-2024,West,Small Business,Office Supplies,Paper,5,0.1,123.73,20.02
ORD-11173,05-10-2025,West,Small Business,Technology,Accessories,8,0.0,1041.38,258.43
ORD-11098,07-08-2024,,Small Business,Office Supplies,Art,8,0.0,97.49,18.62
ORD-11838,06-05-2024,north,Corporate,Office Supplies,Binders,1,0.2,20.18,1.93
ORD-11242,10-04-2025,East,Consumer,Office Supplies,Paper,6,0.0,169.69,49.54
ORD-11917,19-07-2025,Central,Small Business,Office Supplies,Art,6,0.1,75.01,18.36
ORD-11148,17-07-2025,North,Consumer,Furniture,Tables,7,0.4,1835.17,-265.5
ORD-10265,16-01-2025,South,Corporate,Technology,Phones,5,0.0,1787.23,487.69
ORD-11808,24-04-2024,South,Consumer,Furniture,Tables,6,0.4,1498.89,-196.95
ORD-11016,14-10-2024,North ,Corporate,Technology,Printers,2,0.0,725.63,229.34
ORD-11134,12-08-2024,North,Consumer,Office Supplies,Paper,3,0.1,54.05,7.16
ORD-11064,25-01-2024,West,Consumer,Office Supplies,Paper,5,0.1,103.71,24.52
ORD-10504,17-02-2025,North ,Corporate,Office Supplies,Art,4,0.0,61.56,17.68
ORD-10276,27-11-2025,Central,Corporate,Technology,Accessories,1,0.0,132.92,41.39
ORD-10809,29-06-2024,East,Consumer,Technology,Accessories,7,0.0,662.34,123.62
ORD-10339,08-11-2025,North ,Consumer,Furniture,Furnishings,2,0.1,132.34,9.97
ORD-11529,12-08-2025,West,Corporate,Office Supplies,Storage,5,0.0,555.88,107.73
ORD-10945,30-04-2024,West,Small Business,Furniture,Furnishings,2,0.0,124.14,32.79
ORD-11549,27-11-2024,West,Consumer,Furniture,Furnishings,6,0.1,471.08,45.32
ORD-10185,09-03-2024,Central,Small Business,Office Supplies,Binders,2,0.1,61.93,14.0
ORD-10798,17-07-2025,,Small Business,Technology,Phones,7,0.0,2225.56,393.55
ORD-10930,27-08-2024,North,Consumer,Office Supplies,Paper,4,0.0,100.4,34.73
ORD-10744,23-08-2025,North,Small Business,Technology,Laptops,5,0.0,5202.1,1232.49
ORD-10978,15-01-2025,East,Corporate,Office Supplies,Art,5,0.1,83.61,6.61
ORD-11836,08-12-2024,West,Corporate,Furniture,Tables,7,0.4,2552.39,-365.75
ORD-10061,18-11-2025,East,Consumer,Office Supplies,Storage,4,0.0,623.7,143.95
ORD-10797,10-10-2024,East,Consumer,Technology,Phones,4,0.0,1808.92,367.63
ORD-11645,24-11-2024,West,Corporate,Office Supplies,Binders,8,0.1,265.78,52.68
ORD-11772,08-04-2024,West,Consumer,Office Supplies,Binders,2,0.0,54.55,11.45
ORD-11831,06-01-2025,East,Consumer,Technology,Laptops,3,0.0,3461.73,1094.78
ORD-11747,05-06-2024,East,Consumer,Office Supplies,Art,2,0.0,30.99,8.6
ORD-10193,16-06-2024,North,Consumer,Technology,Printers,7,0.0,1981.55,668.44
ORD-10646,24-12-2025,North,Consumer,Office Supplies,Paper,6,0.0,261.22,74.84
ORD-10033,27-11-2024,West,Consumer,Office Supplies,Art,3,0.0,54.62,16.34
ORD-11833,17-10-2025,South,Corporate,Office Supplies,Storage,6,0.0,1099.46,202.73
ORD-10800,18-01-2024,North,Consumer,Technology,Printers,2,0.2,355.51,-7.09
ORD-10057,01-04-2024,West,Consumer,Furniture,Chairs,1,0.1,198.36,36.9
ORD-10938,18-12-2025,East,,Furniture,Furnishings,6,0.0,508.93,173.84
ORD-11699,05-10-2025,West,Consumer,Office Supplies,Art,8,0.0,162.65,44.36
ORD-10358,02-07-2024,West,Consumer,Technology,Printers,7,0.0,1754.73,523.2
ORD-11069,24-12-2025,East,Consumer,Technology,Printers,7,0.1,2025.51,152.91
ORD-11613,30-08-2024,West,Small Business,Technology,Printers,4,0.1,804.33,57.17
ORD-10068,02-06-2025,,Small Business,Office Supplies,Binders,3,0.0,104.87,23.38
ORD-10291,18-12-2024,Central,Small Business,Office Supplies,Storage,3,0.0,568.11,98.17
ORD-10046,04-04-2024,West,Corporate,Office Supplies,Paper,2,0.0,51.45,13.1
ORD-10923,05-08-2025,West,Corporate,Technology,Phones,7,0.1,2803.8,387.7
ORD-10277,05-06-2025,East,Corporate,Office Supplies,Paper,4,0.0,134.08,24.48
ORD-11872,16-03-2025,South,Corporate,Technology,Printers,5,0.1,1333.24,303.34
ORD-10224,16-09-2024,South,Small Business,Office Supplies,Binders,3,0.2,71.25,-0.8
ORD-10864,01-02-2024,West,Consumer,Furniture,Chairs,5,0.1,902.87,97.56
ORD-10381,13-12-2025,South,Small Business,Furniture,Chairs,4,0.1,1055.73,152.04
ORD-11475,09-06-2025,East,Consumer,Furniture,Chairs,2,0.2,354.82,48.09
ORD-10364,05-03-2024,West,Small Business,Office Supplies,Storage,4,0.2,436.4,1.03
ORD-11942,23-09-2025,East,Corporate,Office Supplies,Binders,2,0.0,72.59,22.98
ORD-11024,05-11-2025,South,Corporate,Office Supplies,Storage,7,0.0,1477.87,229.95
ORD-10773,30-08-2024,North,Corporate,Office Supplies,Storage,5,0.1,610.47,52.29
ORD-11351,24-06-2025,North,Consumer,Office Supplies,Paper,6,0.1,164.77,12.33
ORD-10066,28-06-2024,North,Small Business,Technology,Laptops,7,0.0,7150.2,1238.21
ORD-11203,17-06-2025,West,Consumer,Office Supplies,Binders,5,0.0,183.39,43.98
ORD-11055,01-05-2025,North,Small Business,Office Supplies,Art,7,0.0,134.41,45.54
ORD-10867,26-05-2025,East,Corporate,Office Supplies,Art,3,0.1,45.95,8.33
ORD-10028,02-03-2024,South,Consumer,Office Supplies,Paper,6,0.0,127.86,42.9
ORD-10294,13-09-2025,north,Consumer,Office Supplies,Binders,2,0.0,63.66,13.33
ORD-10113,18-06-2025,Central,Small Business,Office Supplies,Paper,6,0.0,187.01,31.96
ORD-10245,24-12-2025,Central,Consumer,Office Supplies,Art,1,0.1,20.63,4.79
ORD-11022,27-01-2024,Central,Corporate,Technology,Laptops,1,0.0,902.77,282.79
ORD-11185,21-08-2024,South,Small Business,Technology,Phones,4,0.0,1631.24,527.21
ORD-10980,22-04-2024,East,Small Business,Technology,Accessories,4,0.2,223.92,0.52
ORD-10411,31-01-2025,Central,Consumer,Furniture,Tables,3,0.5,686.69,-147.39
ORD-11588,12-09-2024,East,Small Business,Furniture,Furnishings,3,0.0,167.24,47.04
ORD-11458,05-04-2024,East,Small Business,Office Supplies,Art,5,0.0,87.33,21.06
ORD-10116,19-02-2024,North,Corporate,Office Supplies,Storage,4,0.0,456.42,80.43
ORD-11887,25-11-2024,East,Consumer,Technology,Printers,8,0.1,2203.86,439.86
ORD-11637,04-07-2025,North,Consumer,Office Supplies,Art,5,0.0,79.17,23.97
ORD-10247,22-08-2024,East,Consumer,Technology,Laptops,1,0.0,917.02,230.26
ORD-10665,13-06-2024,West,Consumer,Office Supplies,Binders,7,0.0,203.42,35.41
ORD-10196,08-06-2025,East,Corporate,Office Supplies,Binders,4,0.1,136.55,29.54
ORD-11908,08-11-2025,North,Corporate,Office Supplies,Art,3,0.1,54.23,4.62
ORD-10092,10-09-2024,West,Consumer,Technology,Phones,2,0.0,639.31,197.16
ORD-10114,03-01-2024,South,Corporate,Office Supplies,Storage,1,0.0,131.69,45.54
ORD-10254,01-02-2025,north,Consumer,Furniture,Tables,4,0.5,1122.68,-177.0
ORD-10429,15-06-2024,North,Small Business,Technology,Accessories,1,0.1,63.04,15.78
ORD-10588,09-03-2025,Central,Consumer,Furniture,Furnishings,2,0.2,114.34,1.95
ORD-11028,06-07-2024,East,Consumer,Technology,Printers,2,0.1,555.07,127.29
ORD-11631,07-08-2025,Central,Consumer,Office Supplies,Storage,5,0.0,650.43,117.84
ORD-10118,16-12-2024,East,Small Business,Furniture,Furnishings,2,0.0,159.95,25.44
ORD-10132,29-07-2025,East,Corporate,Furniture,Tables,2,0.4,617.49,-39.99
ORD-11461,06-06-2024,South,Corporate,Office Supplies,Binders,2,0.2,43.32,-0.59
ORD-11905,19-09-2025,Central,Corporate,Office Supplies,Storage,7,0.0,1031.53,197.77
ORD-11313,18-07-2024,North,Corporate,Technology,Phones,1,0.1,348.7,83.91
ORD-10246,13-06-2024,Central,Corporate,Technology,Accessories,7,0.2,437.21,73.02
ORD-11333,28-04-2024,North,Corporate,Office Supplies,Paper,6,0.1,134.84,10.88
ORD-10775,15-08-2024,East,Consumer,Technology,Phones,2,0.1,560.32,141.18
ORD-10552,26-12-2025,North,Consumer,Office Supplies,Art,3,0.1,51.87,4.93
ORD-11113,07-09-2024,Central,Corporate,Office Supplies,Art,2,0.1,27.56,2.94
ORD-11216,12-08-2024,South,Consumer,Office Supplies,Storage,4,0.1,350.65,64.93
ORD-11089,23-09-2024,North,Consumer,Office Supplies,Art,3,0.0,52.99,9.59
ORD-11886,18-03-2024,North,Corporate,Office Supplies,Storage,8,0.1,830.65,164.15
ORD-11654,28-12-2024,Central,Consumer,Technology,Phones,3,0.0,1248.89,325.07
ORD-11568,23-09-2025,North,Corporate,Office Supplies,Art,2,0.1,24.66,4.88
ORD-10651,20-12-2025,West,Corporate,Office Supplies,Binders,6,0.1,248.03,44.41
ORD-11170,19-06-2025,South,Consumer,Furniture,Tables,2,0.5,547.73,-59.51
ORD-11142,08-06-2024,West,Consumer,Technology,Accessories,8,0.0,593.76,134.12
ORD-11436,31-05-2024,West,Consumer,Furniture,Chairs,1,0.0,261.64,46.94
ORD-11960,17-10-2025,West,Consumer,Technology,Phones,8,0.1,3909.54,416.44
ORD-10533,04-05-2025,West,Consumer,Office Supplies,Binders,2,0.0,68.47,21.61
ORD-10862,15-07-2025,East,Corporate,Office Supplies,Binders,6,0.0,197.46,34.47
ORD-11394,09-05-2025,West,Small Business,Office Supplies,Storage,5,0.2,476.18,-11.3
ORD-11453,12-09-2024,West,Consumer,Office Supplies,Art,5,0.0,82.92,27.51
ORD-10897,18-07-2025,South,Corporate,Office Supplies,Art,5,0.0,73.59,13.37
ORD-11945,23-01-2025,West,Consumer,Furniture,Bookcases,6,0.0,2210.78,479.15
ORD-11969,22-03-2024,South,Consumer,Furniture,Furnishings,1,0.1,44.07,9.98
ORD-10676,30-08-2024,North,Consumer,Furniture,Bookcases,2,0.0,689.88,111.12
ORD-10014,27-02-2024,South,Corporate,Technology,Accessories,3,0.0,,53.08
ORD-10500,05-01-2025,East,Small Business,Furniture,Chairs,3,0.0,597.32,169.17
ORD-11659,26-10-2024,South,Consumer,Office Supplies,Paper,8,0.0,224.91,60.99
ORD-11106,31-10-2024,West,Small Business,Furniture,Tables,4,0.4,1372.28,-129.97
ORD-11706,07-05-2025,South,Corporate,Technology,Printers,8,0.0,2734.24,868.55
ORD-11744,14-12-2025,East,Consumer,Furniture,Tables,4,0.3,1625.86,-60.88
ORD-10600,21-09-2025,Central,Consumer,Technology,Phones,6,0.0,2562.84,745.14
ORD-10875,10-05-2025,West,Consumer,Office Supplies,Binders,6,0.1,149.54,26.3
ORD-10273,14-12-2025,South,Consumer,Technology,Accessories,8,0.0,846.33,132.21
ORD-10684,30-04-2024,South,Corporate,Office Supplies,Storage,1,0.2,110.61,6.48
ORD-11519,14-10-2024,East,Small Business,Technology,Phones,4,0.0,1904.25,464.73
ORD-11133,26-11-2025,East,Consumer,Technology,Laptops,4,0.0,5496.71,1110.35
ORD-10371,05-11-2025,Central,Small Business,Technology,Accessories,1,0.1,99.62,7.05
ORD-10271,13-07-2024,Central,Corporate,Office Supplies,Binders,8,0.0,240.39,56.43
ORD-10605,28-05-2024,North,Consumer,Office Supplies,Storage,1,0.2,84.92,4.83
ORD-11253,11-04-2025,East,Small Business,Office Supplies,Storage,1,0.0,147.76,41.17
ORD-10214,21-06-2024,West,Corporate,Office Supplies,Paper,3,0.0,65.86,16.19
ORD-11533,14-03-2024,North,Consumer,Furniture,Bookcases,7,0.0,2216.26,373.15
ORD-10344,02-10-2024,Central,Consumer,Technology,Laptops,2,0.2,2195.22,319.39
ORD-10838,13-10-2024,Central,Corporate,Office Supplies,Paper,7,0.0,214.86,46.33
ORD-10147,01-08-2025,North,Small Business,Furniture,Chairs,5,0.1,1007.07,194.05
ORD-11021,16-11-2024,South,Corporate,Office Supplies,Art,7,0.0,132.36,41.65
ORD-11537,08-01-2025,Central,Corporate,Technology,Laptops,6,0.1,6038.4,1463.76
ORD-10412,04-01-2025,South,Consumer,Furniture,Tables,6,0.5,1834.11,-412.11
ORD-11223,02-06-2024,East,Small Business,Office Supplies,Storage,2,0.2,195.02,9.44
ORD-10783,21-05-2025,North,Consumer,Office Supplies,Paper,2,0.0,58.11,18.2
ORD-10342,16-01-2025,East,Consumer,Technology,Printers,6,0.0,1924.34,344.13
ORD-10947,18-09-2024,Central,Consumer,Office Supplies,Paper,7,0.0,140.4,48.38
ORD-10747,13-10-2025,West,Consumer,Technology,Laptops,5,0.1,6508.58,1191.32
ORD-10173,12-05-2025,West,Consumer,Furniture,Chairs,8,0.0,2020.61,603.54
ORD-10377,30-10-2024,North,Corporate,Furniture,Tables,4,0.4,1321.21,-31.52
ORD-10738,18-12-2025,East,Corporate,Office Supplies,Storage,4,0.1,540.13,130.76
ORD-11329,10-10-2024,East,Small Business,Furniture,Chairs,8,0.2,,305.24
ORD-11456,12-09-2025,,Consumer,Technology,Phones,2,0.2,609.84,99.42
ORD-10052,11-11-2024,Central,Corporate,Technology,Accessories,7,0.0,743.46,156.41
ORD-10018,07-12-2024,Central,Corporate,Office Supplies,Binders,4,0.0,134.96,33.49
ORD-11309,04-02-2025,North,Corporate,Office Supplies,Art,1,0.0,18.73,6.03
ORD-10221,20-01-2025,South,Consumer,Office Supplies,Art,2,0.1,33.2,6.97
ORD-11429,22-02-2024,South,Small Business,Furniture,Chairs,6,0.1,1304.08,147.36
ORD-11542,25-10-2024,Central,Corporate,Office Supplies,Paper,4,0.0,108.28,22.66
ORD-11951,26-01-2025,West,Consumer,Technology,Printers,8,0.0,2386.11,455.53
ORD-11389,28-04-2024,north,Corporate,Office Supplies,Art,2,0.2,23.11,0.1
ORD-11140,29-03-2025,East,Consumer,Furniture,Furnishings,3,0.1,174.99,28.3
ORD-11385,04-08-2025,North,Consumer,Furniture,Chairs,4,0.0,1043.05,288.96
ORD-10095,31-01-2024,East,Consumer,Furniture,Bookcases,3,0.0,808.58,194.89
ORD-10261,28-03-2025,North,,Furniture,Tables,5,0.4,1888.05,-23.67
ORD-11629,14-02-2025,South,Consumer,Furniture,Chairs,6,0.1,1207.61,239.23
ORD-11632,07-05-2024,Central,Consumer,Office Supplies,Art,5,0.0,78.59,18.52
ORD-10179,03-05-2025,East,Consumer,Furniture,Tables,6,0.3,2146.59,-59.36
ORD-11126,22-06-2025,West,Corporate,Office Supplies,Paper,3,0.0,81.16,25.71
ORD-10716,13-07-2024,North,Consumer,Technology,Laptops,6,0.0,6112.77,2070.94
ORD-11924,01-05-2025,West,Corporate,Office Supplies,Binders,2,0.2,54.12,9.18
ORD-10184,02-08-2025,North,Consumer,Office Supplies,Storage,4,0.2,354.92,11.4
ORD-10467,14-01-2025,Central,Corporate,Technology,Laptops,2,0.1,1663.78,265.63
ORD-11879,10-01-2024,Central,Consumer,Office Supplies,Paper,8,0.0,194.2,62.22
ORD-10903,25-12-2025,North,Consumer,Office Supplies,Binders,5,0.0,247.01,66.75
ORD-10071,13-04-2024,West,Consumer,Office Supplies,Paper,6,0.0,146.89,24.39
ORD-11169,12-03-2025,Central,Consumer,Office Supplies,Paper,1,0.0,31.46,9.74
ORD-11615,12-06-2025,East,Small Business,Office Supplies,Binders,1,0.0,27.77,4.24
ORD-10346,01-09-2025,East,Consumer,Furniture,Bookcases,4,0.0,1413.97,333.3
ORD-11427,15-03-2024,East,Corporate,Office Supplies,Art,1,0.0,13.5,2.19
ORD-11207,19-01-2024,South,Consumer,Office Supplies,Storage,1,0.0,129.38,35.59
ORD-10029,29-04-2025,North,Corporate,Technology,Accessories,5,0.0,529.65,177.41
ORD-10796,24-06-2025,West,Small Business,Office Supplies,Paper,3,0.0,81.51,12.32
ORD-11063,05-02-2025,Central,Corporate,Office Supplies,Binders,3,0.0,108.55,32.59
ORD-10157,30-09-2025,South,Corporate,Office Supplies,Art,8,0.0,117.86,33.14
ORD-10932,20-02-2024,West,Small Business,Furniture,Furnishings,1,0.0,49.48,15.44
ORD-10658,02-12-2025,,Corporate,Furniture,Furnishings,2,0.1,153.71,15.93
ORD-11793,28-09-2025,West,Corporate,Technology,Printers,8,0.0,2172.2,742.52
ORD-10394,07-04-2024,East,Consumer,Technology,Printers,6,0.0,1859.05,587.17
ORD-11076,05-11-2025,East,Corporate,Office Supplies,Storage,5,0.1,720.6,56.6
ORD-10988,03-10-2024,North,Consumer,Office Supplies,Paper,7,0.0,263.69,40.58
ORD-11769,28-12-2025,North,Consumer,Technology,Phones,3,0.1,1596.5,342.71
ORD-11383,25-05-2024,East,Corporate,Technology,Printers,8,0.0,2053.33,404.84
ORD-11445,31-03-2024,Central,Corporate,Technology,Printers,8,0.1,2085.51,282.33
ORD-10402,03-01-2025,West,Consumer,Furniture,Furnishings,2,0.0,139.66,27.78
ORD-10989,31-12-2025,West,,Office Supplies,Binders,4,0.0,200.47,66.11
ORD-10677,30-03-2025,South,Small Business,Office Supplies,Binders,6,0.0,206.68,69.42
ORD-11308,28-08-2024,East,Corporate,Office Supplies,Binders,6,0.0,160.23,46.87
ORD-11251,10-02-2025,North,Consumer,Office Supplies,Paper,8,0.1,179.49,14.25
ORD-11377,17-05-2024,North,Corporate,Furniture,Tables,6,0.4,1675.34,-189.08
ORD-10822,22-08-2025,West,Small Business,Technology,Printers,7,0.0,1917.79,449.05
ORD-10963,20-12-2025,West,Consumer,Office Supplies,Storage,6,0.0,1170.09,387.97
ORD-10835,15-11-2024,West,Consumer,Furniture,Chairs,4,0.0,1405.46,342.79
ORD-11033,26-02-2025,North,Corporate,Office Supplies,Storage,5,0.0,622.96,216.52
ORD-11685,18-04-2024,South,Consumer,Office Supplies,Art,5,0.1,79.07,8.44
ORD-10939,12-08-2025,North,Corporate,Technology,Accessories,7,0.0,726.64,209.28
ORD-11054,17-04-2024,North,Small Business,Technology,Accessories,4,0.2,299.72,37.06
ORD-11101,03-03-2025,North,Consumer,Furniture,Bookcases,6,0.1,1605.89,362.3
ORD-10691,27-05-2024,NORTH,Consumer,Technology,Phones,4,0.1,1059.88,165.19
ORD-11639,14-11-2025,West,Corporate,Technology,Laptops,6,0.0,8903.98,1703.96
ORD-10334,01-01-2024,South,Small Business,Technology,Laptops,5,0.0,4211.49,1076.07
ORD-10873,01-04-2024,South,Small Business,Office Supplies,Paper,6,0.1,130.24,14.19
ORD-10805,07-12-2025,East,Consumer,Technology,Accessories,8,0.0,1153.39,257.83
ORD-10007,24-07-2025,North,Corporate,Office Supplies,Storage,3,0.0,396.57,70.57
ORD-10517,23-01-2025,East,Consumer,Office Supplies,Art,6,0.0,104.27,16.39
ORD-10197,06-04-2025,Central,Consumer,Office Supplies,Paper,7,0.1,165.65,32.2
ORD-10296,13-01-2024,Central,Corporate,Technology,Printers,7,0.2,1506.97,112.11
ORD-11416,21-05-2025,North,Consumer,Furniture,Tables,5,0.3,1887.34,-13.62
ORD-11496,13-10-2025,West,Consumer,Technology,Laptops,3,0.0,4669.94,1018.73
ORD-11811,05-12-2024,East,Small Business,Furniture,Furnishings,5,0.0,476.9,90.74
ORD-11707,06-11-2025,North,Corporate,Office Supplies,Paper,1,0.0,32.95,11.2
ORD-10122,18-01-2025,West,Corporate,Office Supplies,Binders,5,0.0,154.29,35.64
ORD-10378,12-11-2024,South,Corporate,Technology,Phones,1,0.0,400.39,82.05
ORD-11062,18-01-2024,North,Corporate,Office Supplies,Storage,2,0.0,272.67,91.68
ORD-11779,10-05-2025,North,Consumer,Technology,Printers,3,0.0,725.7,215.9
ORD-11501,26-08-2025,East,Small Business,Furniture,Chairs,7,0.1,1527.65,185.19
ORD-10162,05-12-2024,East,Consumer,Furniture,Tables,5,0.3,2430.87,-191.07
ORD-11186,10-07-2025,East,Corporate,Furniture,Chairs,3,0.2,480.57,54.48
ORD-11091,09-07-2025,West,Small Business,Furniture,Chairs,6,0.0,1518.26,253.09
ORD-10124,14-02-2024,West,Consumer,Furniture,Bookcases,4,0.1,969.95,223.35
ORD-10551,07-04-2024,West,Corporate,Furniture,Bookcases,8,0.0,1986.83,330.12
ORD-10004,27-10-2024,North,Consumer,Office Supplies,Binders,8,0.0,307.21,57.72
ORD-10915,12-06-2025,Central,Corporate,Furniture,Tables,4,0.4,1328.38,-91.19
ORD-10958,15-10-2024,East,Consumer,Furniture,Tables,4,0.5,1405.76,-189.31
ORD-11737,20-04-2024,West,Consumer,Office Supplies,Storage,2,0.0,241.0,71.7
ORD-11703,27-08-2025,East,Consumer,Office Supplies,Art,4,0.0,61.22,16.83
ORD-10611,08-05-2024,East,Consumer,Office Supplies,Binders,2,0.0,53.3,8.0
ORD-10287,04-09-2025,West,Corporate,Office Supplies,Storage,5,0.0,575.8,105.94
ORD-11451,17-07-2024,North,Consumer,Technology,Accessories,8,0.0,550.66,160.95
ORD-10956,04-12-2024,West,Consumer,Office Supplies,Paper,3,0.0,114.21,39.68
ORD-10108,08-09-2024,North,Small Business,Office Supplies,Paper,3,0.0,,22.9
ORD-11517,23-07-2024,North,Corporate,Office Supplies,Paper,6,0.2,120.92,17.43
ORD-11909,29-05-2025,West,Small Business,Technology,Accessories,6,0.1,519.68,107.11
ORD-10908,10-12-2025,West,Small Business,Technology,Accessories,6,0.1,538.98,75.22
ORD-10506,11-01-2025,South,Consumer,Office Supplies,Storage,6,0.0,736.5,151.38
ORD-10356,15-08-2024,South,Consumer,Technology,Accessories,8,0.1,500.06,127.21
ORD-11423,04-08-2025,East,Consumer,Office Supplies,Paper,2,0.0,45.55,10.68
ORD-11341,31-10-2024,North,,Furniture,Furnishings,4,0.0,346.81,114.28
ORD-10352,27-07-2025,West,Consumer,Technology,Phones,4,0.0,1722.07,534.04
ORD-10844,16-01-2024,North,Corporate,Office Supplies,Binders,2,0.0,67.53,12.93
ORD-11154,27-06-2025,South,Corporate,Technology,Accessories,4,0.0,396.13,102.0
ORD-10836,02-12-2024,West,Consumer,Technology,Accessories,3,0.1,316.54,76.32
ORD-10946,26-04-2025,East,Corporate,Technology,Laptops,6,0.0,6131.59,1537.5
ORD-10667,09-01-2025,East,Consumer,Office Supplies,Storage,3,0.0,423.13,86.85
ORD-10886,28-02-2024,West,Corporate,Office Supplies,Art,3,0.1,42.55,8.85
ORD-11284,11-04-2025,Central,Consumer,Technology,Phones,3,0.0,1338.85,396.34
ORD-11697,26-01-2025,West,Small Business,Furniture,Tables,4,0.3,1461.51,5.18
ORD-10333,13-01-2024,South,Consumer,Office Supplies,Art,5,0.0,88.74,27.18
ORD-10153,02-05-2024,East,Small Business,Office Supplies,Paper,3,0.1,57.97,13.02
ORD-11420,20-08-2024,South,Corporate,Technology,Phones,4,0.0,1357.88,288.66
ORD-10787,08-10-2024,Central,Consumer,Office Supplies,Binders,3,0.0,99.47,34.72
ORD-10501,19-02-2025,East,Consumer,Office Supplies,Paper,8,0.0,191.53,31.09
ORD-10721,21-11-2025,North,,Furniture,Furnishings,5,0.1,360.51,30.88
ORD-10373,14-05-2025,South,Consumer,Office Supplies,Paper,7,0.1,186.5,21.28
ORD-10590,08-10-2025,South,Corporate,Office Supplies,Binders,4,0.0,202.52,65.39
ORD-10312,24-09-2025,North,Corporate,Technology,Printers,3,0.1,676.15,121.99
ORD-10042,17-07-2025,West,Corporate,Office Supplies,Art,4,0.1,61.34,11.69
ORD-11577,16-10-2025,East,Consumer,Office Supplies,Art,2,0.0,54.41,16.03
ORD-10645,05-01-2025,South,Consumer,Furniture,Chairs,8,0.1,2049.98,327.52
ORD-11891,26-01-2024,Central,Consumer,Technology,Laptops,6,0.1,4234.61,662.88
ORD-10971,07-10-2024,West,Consumer,Technology,Laptops,8,0.0,10530.34,2161.1
ORD-11777,15-02-2024,East,Consumer,Office Supplies,Binders,4,0.1,104.26,13.97
ORD-10522,20-02-2024,North,Consumer,Furniture,Chairs,4,0.0,1039.76,264.49
ORD-11647,08-09-2025,North,Corporate,Furniture,Tables,6,0.3,2509.56,-177.06
ORD-10762,06-10-2024,South,Corporate,Office Supplies,Art,1,0.0,24.25,7.84
ORD-11723,08-12-2024,West,Corporate,Office Supplies,Paper,5,0.1,128.05,32.31
ORD-11877,06-10-2025,North,Consumer,Office Supplies,Binders,2,0.1,69.04,17.48
ORD-11525,22-09-2024,South,Corporate,Office Supplies,Paper,6,0.0,161.75,35.49
ORD-10704,02-10-2024,North,Small Business,Office Supplies,Art,3,0.1,59.56,11.51
ORD-11724,10-09-2024,South,Consumer,Office Supplies,Storage,8,0.1,742.89,66.13
ORD-11820,03-07-2025,East,Consumer,Technology,Accessories,8,0.1,628.13,57.91
ORD-11688,06-10-2025,North,Corporate,Technology,Printers,1,0.0,316.95,96.16
ORD-11874,25-10-2024,South,Consumer,Technology,Accessories,7,0.2,560.98,0.63
ORD-10944,22-01-2024,West,Small Business,Office Supplies,Paper,6,0.1,139.24,29.08
ORD-10168,06-08-2025,East,Corporate,Furniture,Furnishings,1,0.0,69.6,16.13
ORD-11774,15-04-2024,East,Consumer,Technology,Phones,8,0.2,1951.49,316.49
ORD-10360,11-02-2024,West,Consumer,Technology,Printers,2,0.0,562.99,94.93
ORD-11018,04-09-2024,North,Consumer,Technology,Accessories,3,0.1,210.37,30.55
ORD-11469,01-05-2024,Central,Corporate,Technology,Laptops,4,0.0,3402.79,965.63
ORD-11302,11-12-2024,East,,Technology,Printers,2,0.1,529.46,96.64
ORD-10743,04-06-2025,West,Corporate,Technology,Laptops,1,0.0,825.8,188.52
ORD-10272,05-10-2025,West,Consumer,Office Supplies,Art,3,0.0,77.82,16.02
ORD-11493,14-04-2025,West,Corporate,Office Supplies,Binders,3,0.2,80.65,13.05
ORD-10519,06-10-2025,East,Small Business,Furniture,Tables,2,0.5,641.5,-154.56
ORD-10814,27-07-2025,South,Consumer,Technology,Accessories,4,0.2,278.18,30.98
ORD-10818,25-12-2024,South,Consumer,Technology,Laptops,5,0.1,4695.85,653.44
ORD-11401,01-10-2025,South,Small Business,Office Supplies,Binders,3,0.0,151.95,26.4
ORD-10734,15-02-2024,South,Consumer,Furniture,Bookcases,8,0.0,1938.0,625.09
ORD-11522,14-12-2025,North,Corporate,Technology,Accessories,1,0.1,87.77,19.17
ORD-11912,24-09-2025,North,Consumer,Furniture,Bookcases,3,0.0,937.98,167.27
ORD-11509,18-03-2024,West,Small Business,Office Supplies,Art,8,0.0,127.25,21.05
ORD-11781,25-11-2025,North,Consumer,Office Supplies,Paper,2,0.0,71.06,14.41
ORD-11582,30-12-2025,West,Corporate,Technology,Phones,1,0.0,439.01,87.82
ORD-11037,28-02-2025,North,Consumer,Office Supplies,Binders,2,0.0,66.76,20.59
ORD-11910,20-10-2024,East,Consumer,Furniture,Bookcases,5,0.0,1795.72,365.24
ORD-11121,19-07-2025,West,Corporate,Office Supplies,Binders,4,0.2,122.06,-2.11
ORD-10128,02-01-2024,East,Consumer,Furniture,Chairs,8,0.0,1836.12,422.47
ORD-10998,07-07-2024,East,Consumer,Technology,Accessories,7,0.0,652.74,113.62
ORD-11810,08-02-2024,North,Corporate,Furniture,Chairs,1,0.0,202.89,51.6
ORD-10544,08-09-2024,West,Consumer,Technology,Phones,5,0.1,1576.92,318.31
ORD-10379,28-04-2024,East,Consumer,Furniture,Chairs,1,0.0,184.23,39.76
ORD-10203,07-12-2024,South,Consumer,Furniture,Furnishings,2,0.0,155.01,46.56
ORD-10343,13-09-2024,West,Consumer,Office Supplies,Binders,1,0.1,31.18,4.94
ORD-11740,30-07-2025,North,Consumer,Technology,Accessories,2,0.1,139.57,21.5
ORD-10204,27-05-2025,Central,Consumer,Furniture,Chairs,4,0.0,934.06,282.68
ORD-10518,22-10-2024,North,,Technology,Laptops,6,0.0,6103.82,1142.22
ORD-11935,10-06-2025,Central,Consumer,Office Supplies,Paper,1,0.1,26.73,2.38
ORD-10488,01-12-2025,West,Small Business,Office Supplies,Paper,7,0.1,262.37,59.42
ORD-11261,17-01-2025,West,Corporate,Technology,Printers,4,0.0,1210.36,344.82
ORD-11866,12-07-2024,South,Corporate,Technology,Phones,3,0.1,962.68,238.8
ORD-11424,15-03-2024,East,Consumer,Technology,Printers,8,0.0,2283.13,554.79
ORD-10917,06-06-2025,Central,Consumer,Office Supplies,Storage,8,0.1,1051.02,188.22
ORD-10232,05-10-2024,West,Corporate,Furniture,Chairs,1,0.0,355.19,62.69
ORD-10794,15-04-2025,North,Small Business,Office Supplies,Storage,2,0.1,274.69,24.81
ORD-11466,16-12-2024,North,Consumer,Office Supplies,Art,3,0.0,68.43,19.47
ORD-11906,24-12-2025,South,Corporate,Technology,Phones,8,0.0,4135.86,723.68
ORD-11122,18-10-2025,North,Small Business,Furniture,Bookcases,8,0.1,3772.28,623.74
ORD-10514,20-01-2025,West,Consumer,Office Supplies,Binders,8,0.0,303.19,74.25
ORD-10595,11-07-2025,West,Small Business,Technology,Accessories,5,0.0,402.35,93.65
ORD-10511,29-01-2024,South,Consumer,Office Supplies,Paper,2,0.1,53.76,13.21
ORD-10112,27-06-2024,South,Corporate,Office Supplies,Art,8,0.1,,25.15
ORD-11948,17-02-2025,East,Small Business,Technology,Printers,3,0.0,914.41,278.55
ORD-10217,09-08-2025,north,Small Business,Office Supplies,Binders,5,0.0,152.28,30.6
ORD-11384,18-10-2025,West,Small Business,Office Supplies,Binders,4,0.0,180.28,34.14
ORD-10499,22-04-2025,South,Consumer,Office Supplies,Binders,1,0.1,32.04,4.58
ORD-11997,05-12-2024,Central,Consumer,Furniture,Tables,8,0.4,3545.54,-42.31
ORD-10934,26-11-2024,West,Corporate,Technology,Printers,2,0.2,475.24,62.64
ORD-10225,29-07-2025,South,Corporate,Technology,Accessories,5,0.2,341.6,50.11
ORD-11042,01-12-2024,West,Corporate,Office Supplies,Paper,5,0.0,141.96,32.18
ORD-11192,14-01-2025,West,Corporate,Office Supplies,Art,7,0.2,112.63,7.56
ORD-11739,27-08-2025,North ,Consumer,Furniture,Furnishings,4,0.0,231.51,63.85
ORD-11316,25-06-2024,North,Consumer,Technology,Phones,3,0.0,1029.2,355.38
ORD-11883,24-06-2025,Central,Small Business,Technology,Phones,1,0.1,315.44,19.88
ORD-11591,08-02-2024,South,Corporate,Office Supplies,Storage,3,0.1,274.91,49.73
ORD-10397,20-06-2024,East,Consumer,Technology,Printers,4,0.1,896.03,138.75
ORD-10540,17-08-2024,Central,Corporate,Office Supplies,Binders,3,0.1,67.89,13.96
ORD-10328,19-04-2025,East,Consumer,Office Supplies,Art,8,0.0,137.21,43.07
ORD-10795,26-09-2024,,Small Business,Furniture,Furnishings,4,0.0,235.77,36.34
ORD-10848,04-04-2024,north,Small Business,Furniture,Chairs,4,0.0,752.03,179.23
ORD-11796,27-01-2025,South,Small Business,Furniture,Bookcases,6,0.1,1542.15,236.56
ORD-11966,04-02-2024,West,Consumer,Office Supplies,Paper,4,0.0,116.93,19.86
ORD-11618,25-08-2024,North,Consumer,Office Supplies,Binders,5,0.0,161.86,37.8
ORD-10093,28-12-2025,West,Consumer,Technology,Printers,8,0.1,3028.14,728.3
ORD-10213,29-01-2024,North,Consumer,Office Supplies,Art,8,0.0,105.98,33.06
ORD-10770,17-11-2025,Central,Consumer,Furniture,Tables,4,0.4,1582.09,-50.88
ORD-10337,17-03-2025,West,Small Business,Technology,Laptops,6,0.0,5796.56,985.36
ORD-11449,10-01-2025,East,Small Business,Furniture,Furnishings,5,0.1,356.13,50.19
ORD-10803,18-02-2024,Central,Consumer,Office Supplies,Paper,6,0.1,114.29,20.73
ORD-10212,20-03-2025,North,Corporate,Technology,Printers,7,0.1,1745.27,179.09
ORD-10618,06-11-2024,South,Consumer,Technology,Accessories,2,0.0,246.63,69.97
ORD-11139,15-06-2025,West,Consumer,Furniture,Bookcases,7,0.1,2486.05,246.68
ORD-11182,30-09-2025,North,Consumer,Furniture,Tables,7,0.5,2028.65,-426.57
ORD-11168,16-11-2025,North,Corporate,Office Supplies,Binders,6,0.0,293.33,52.06
ORD-11136,30-08-2025,north,Consumer,Office Supplies,Art,6,0.0,97.85,25.17
ORD-10036,28-08-2025,NORTH,Consumer,Office Supplies,Art,4,0.1,60.59,13.95
ORD-10105,23-06-2025,North,Consumer,Office Supplies,Paper,3,0.1,70.07,12.53
ORD-10362,24-01-2025,West,,Furniture,Chairs,6,0.1,1107.44,243.09
ORD-10850,08-08-2025,East,Corporate,Office Supplies,Storage,7,0.0,837.54,241.23
ORD-10756,23-12-2024,South,Corporate,Office Supplies,Art,2,0.1,38.09,9.25
ORD-10758,17-06-2024,North,Corporate,Office Supplies,Paper,8,0.1,171.54,36.12
ORD-10365,05-07-2025,South,Consumer,Furniture,Bookcases,2,0.1,569.66,92.75
ORD-10856,01-12-2024,West,Consumer,Technology,Phones,6,0.0,3391.92,959.77
ORD-11465,18-06-2025,East,Consumer,Office Supplies,Art,2,0.1,31.33,5.57
ORD-11711,04-04-2024,South,Consumer,Technology,Accessories,4,0.0,286.72,95.55
ORD-11281,12-02-2024,East,Consumer,Office Supplies,Art,6,0.0,91.79,22.3
ORD-10565,24-02-2024,East,Corporate,Furniture,Chairs,2,0.1,410.24,57.68
ORD-11375,25-07-2025,East,Consumer,Furniture,Furnishings,1,0.1,64.64,7.33
ORD-11703,27-08-2025,East,Consumer,Office Supplies,Art,4,0.0,61.22,16.83
ORD-10249,08-02-2025,West,Consumer,Office Supplies,Binders,8,0.0,217.31,40.29
ORD-10476,28-06-2024,East,Small Business,Office Supplies,Storage,5,0.1,529.4,102.54
ORD-11474,21-08-2025,North,Consumer,Furniture,Bookcases,7,0.2,1531.9,222.53
ORD-11430,03-03-2025,East,Corporate,Furniture,Chairs,2,0.1,404.86,80.21
ORD-11934,29-10-2025,South,Small Business,Office Supplies,Storage,7,0.1,1209.45,207.45
ORD-11188,26-04-2024,East,Small Business,Furniture,Chairs,4,0.0,767.54,171.23
ORD-10781,03-05-2024,North ,Small Business,Office Supplies,Art,4,0.1,60.9,14.34
ORD-10454,26-04-2024,North,Corporate,Furniture,Chairs,1,0.2,195.87,29.47
ORD-11841,11-07-2025,West,Small Business,Technology,Laptops,5,0.1,4381.76,549.51
ORD-11200,15-09-2025,South,Small Business,Technology,Accessories,3,0.0,237.33,40.02
ORD-11107,05-11-2024,South,Consumer,Technology,Accessories,4,0.0,431.43,74.06
ORD-10230,14-02-2024,South,Corporate,Technology,Phones,4,0.1,1109.57,246.71
ORD-11319,21-12-2025,West,Small Business,Furniture,Chairs,3,0.1,933.47,235.04
ORD-10652,26-07-2024,north,Small Business,Office Supplies,Storage,2,0.2,,2.67
ORD-10070,07-12-2024,East,Small Business,Furniture,Furnishings,5,0.1,315.79,81.42
ORD-10610,20-04-2024,North,Consumer,Technology,Laptops,3,0.0,2512.04,702.62
ORD-11174,16-04-2024,West,Consumer,Office Supplies,Paper,1,0.0,21.53,5.81
ORD-11961,27-08-2024,South,Consumer,Office Supplies,Binders,3,0.0,90.98,14.83
ORD-11896,14-10-2025,North,Small Business,Furniture,Tables,8,0.5,3323.98,-616.2
ORD-11982,29-01-2024,West,Consumer,Technology,Phones,7,0.0,2528.64,532.91
ORD-10410,30-12-2025,East,Consumer,Office Supplies,Art,3,0.0,58.85,12.73
ORD-11875,02-09-2025,West,Small Business,Office Supplies,Storage,8,0.1,796.81,162.63
ORD-11151,09-06-2025,North ,Consumer,Technology,Laptops,5,0.1,3866.95,785.51
ORD-10338,13-04-2025,West,Small Business,Furniture,Bookcases,5,0.0,1899.59,520.46
ORD-11025,19-11-2025,North,Corporate,Technology,Laptops,6,0.0,7363.7,2039.49
ORD-10043,29-07-2024,West,Consumer,Office Supplies,Binders,1,0.0,32.82,9.48
ORD-10539,08-03-2025,South,Corporate,Technology,Phones,2,0.1,739.98,178.36
ORD-10601,17-08-2025,North,Corporate,Technology,Printers,8,0.1,1811.83,382.31
ORD-11332,18-12-2025,West,Corporate,Office Supplies,Binders,5,0.2,154.75,15.65
ORD-11609,31-08-2024,Central,Corporate,Office Supplies,Art,7,0.0,99.99,31.19
ORD-10965,09-10-2024,South,Consumer,Technology,Laptops,2,0.0,2216.2,606.36
ORD-11825,04-05-2025,West,Consumer,Office Supplies,Paper,3,0.2,67.63,4.76
ORD-11434,29-06-2024,West,Corporate,Technology,Phones,5,0.0,2027.18,559.82
ORD-10171,05-06-2024,West,Small Business,Technology,Laptops,7,0.1,5812.14,647.96
ORD-10417,10-05-2025,North,Corporate,Office Supplies,Paper,4,0.1,82.26,10.94
ORD-10837,11-04-2025,West,Corporate,Technology,Phones,8,0.1,3335.74,530.28
ORD-11915,30-05-2025,West,Small Business,Office Supplies,Storage,1,0.1,139.52,16.14
ORD-11695,27-06-2025,North,Consumer,Furniture,Tables,3,0.4,826.29,-165.35
ORD-11627,08-05-2025,East,Small Business,Technology,Printers,5,0.1,1240.75,206.74
ORD-10806,27-05-2024,North,Small Business,Technology,Laptops,3,0.1,2344.06,321.94
ORD-10882,29-01-2024,West,Corporate,Office Supplies,Binders,5,0.0,133.36,45.13
ORD-11484,16-08-2024,East,Consumer,Office Supplies,Paper,1,0.1,18.49,3.85
ORD-11900,29-02-2024,North,Consumer,Office Supplies,Paper,8,0.0,204.31,59.56
ORD-10637,23-02-2024,West,Consumer,Office Supplies,Art,8,0.0,96.52,17.49
ORD-10423,19-07-2024,North,Small Business,Technology,Accessories,7,0.1,566.87,112.87
ORD-10727,20-05-2024,South,Consumer,Furniture,Chairs,4,0.0,755.25,180.3
ORD-10967,12-09-2024,East,Consumer,Office Supplies,Binders,5,0.0,178.08,36.57
ORD-11339,09-09-2025,West,Consumer,Technology,Phones,6,0.0,2405.59,714.71
ORD-10376,30-11-2025,East,Consumer,Office Supplies,Binders,6,0.0,299.14,69.67
ORD-10524,07-01-2024,Central,Small Business,Office Supplies,Paper,2,0.0,41.44,10.08
ORD-11901,25-01-2025,West,Consumer,Office Supplies,Binders,7,0.0,226.48,36.32
ORD-10438,28-02-2024,West,Consumer,Technology,Accessories,1,0.0,75.73,19.31
ORD-11754,21-03-2025,South,Consumer,Office Supplies,Art,8,0.0,160.04,42.07
ORD-10150,11-07-2025,South,Corporate,Furniture,Tables,6,0.5,1798.25,-389.62
ORD-10237,08-04-2024,North,Consumer,Office Supplies,Binders,8,0.1,232.72,45.73
ORD-11580,02-02-2024,South,Consumer,Office Supplies,Binders,2,0.1,47.04,5.14
ORD-11847,26-10-2025,,Small Business,Office Supplies,Paper,3,0.0,117.92,36.73
ORD-10981,18-04-2025,East,Consumer,Office Supplies,Storage,5,0.0,729.92,110.9
ORD-10954,22-06-2024,,Consumer,Furniture,Bookcases,1,0.2,210.42,6.44
ORD-11835,23-05-2025,West,Consumer,Office Supplies,Paper,3,0.2,57.89,8.6
ORD-11433,24-10-2025,East,Consumer,Furniture,Chairs,5,0.0,1800.68,557.95
ORD-10143,11-07-2025,West,Consumer,Office Supplies,Paper,2,0.0,55.57,11.01
ORD-10717,21-08-2025,West,Consumer,Office Supplies,Paper,2,0.2,49.08,1.18
ORD-10526,06-04-2024,South,Corporate,Technology,Accessories,3,0.0,260.75,83.54
ORD-11890,03-03-2025,Central,,Office Supplies,Binders,6,0.0,236.36,48.08
ORD-10583,10-04-2024,West,Consumer,Furniture,Tables,5,0.4,1288.43,-38.15
ORD-10975,31-07-2025,South,Consumer,Furniture,Tables,2,0.3,767.52,-57.68
ORD-10566,22-08-2025,North,Consumer,Technology,Laptops,6,0.2,5252.3,210.4
ORD-11232,11-12-2025,East,Corporate,Furniture,Tables,6,0.3,3084.94,-338.49
ORD-10440,07-10-2025,North,Consumer,Office Supplies,Paper,5,0.0,180.89,31.33
ORD-11155,07-01-2024,East,Consumer,Office Supplies,Binders,4,0.0,127.68,37.65
ORD-11404,06-05-2024,East,Consumer,Office Supplies,Art,4,0.0,53.69,17.24
ORD-10174,19-02-2025,East,Consumer,Technology,Laptops,1,0.1,845.77,113.85
ORD-11557,06-04-2025,West,Corporate,Furniture,Furnishings,1,0.1,56.18,5.49
ORD-11294,12-09-2025,North,Consumer,Furniture,Tables,1,0.3,329.9,-20.67
ORD-11431,09-07-2025,South,Consumer,Technology,Laptops,1,0.0,823.37,236.21
ORD-11722,22-04-2025,North ,Small Business,Furniture,Furnishings,2,0.2,115.97,10.94
ORD-10123,19-11-2025,South,Small Business,Furniture,Bookcases,5,0.1,1731.47,138.65
ORD-10138,29-10-2025,South,Corporate,Office Supplies,Art,2,0.0,38.64,6.87
ORD-10879,31-08-2024,South,Corporate,Technology,Accessories,4,0.0,369.09,118.08
ORD-11075,16-07-2025,South,Consumer,Furniture,Furnishings,4,0.0,249.82,50.43
ORD-10732,27-07-2024,North,Small Business,Furniture,Chairs,6,0.0,1215.85,345.39
ORD-10624,16-05-2024,North,Corporate,Office Supplies,Art,6,0.1,69.05,7.04
ORD-11299,13-06-2024,North,Consumer,Office Supplies,Binders,2,0.1,58.53,13.46
ORD-10784,23-01-2025,East,Consumer,Furniture,Bookcases,6,0.0,2138.61,515.72
ORD-11758,06-01-2024,,Corporate,Office Supplies,Storage,2,0.0,208.79,44.58
ORD-11366,02-05-2025,Central,Consumer,Office Supplies,Storage,5,0.1,558.86,119.82
ORD-11280,10-12-2024,East,Consumer,Furniture,Furnishings,1,0.0,92.77,16.74
ORD-10182,27-04-2025,NORTH,Small Business,Office Supplies,Binders,8,0.0,290.93,96.18
ORD-10617,29-12-2025,West,Corporate,Office Supplies,Paper,7,0.0,248.5,59.79
ORD-11324,14-05-2025,North,Consumer,Technology,Accessories,6,0.0,491.31,171.61
ORD-10690,19-07-2024,East,Corporate,Technology,Accessories,5,0.0,366.92,74.21
ORD-11784,23-04-2025,North,Corporate,Office Supplies,Storage,3,0.0,360.0,101.78
ORD-10240,28-03-2024,East,Consumer,Office Supplies,Art,6,0.0,90.56,30.28
ORD-11254,09-11-2024,North,Consumer,Office Supplies,Storage,4,0.0,747.74,124.44
ORD-11953,14-07-2025,East,Corporate,Furniture,Tables,3,0.3,1015.3,-8.8
ORD-11350,13-01-2025,West,,Office Supplies,Paper,6,0.1,124.56,27.48
ORD-10458,04-02-2025,North,Consumer,Office Supplies,Art,5,0.1,83.15,17.4
ORD-10681,07-06-2025,North ,Consumer,Technology,Laptops,6,0.1,5716.85,396.59
ORD-11686,09-02-2025,North,Consumer,Technology,Laptops,7,0.1,6167.38,934.81
ORD-11692,04-08-2024,West,Corporate,Office Supplies,Paper,2,0.2,46.73,1.34
ORD-10465,08-03-2025,,Consumer,Furniture,Tables,6,0.5,1389.88,-265.72
ORD-11187,11-04-2025,South,Small Business,Office Supplies,Paper,3,0.0,94.97,28.46
ORD-11191,12-10-2025,West,Consumer,Office Supplies,Storage,1,0.2,133.5,18.54
ORD-10145,05-08-2025,North,Consumer,Technology,Laptops,4,0.0,4579.02,1395.99
ORD-10206,03-06-2025,East,Corporate,Technology,Printers,1,0.0,,66.79
ORD-11524,18-09-2024,North ,Consumer,Furniture,Bookcases,4,0.1,1205.21,275.3
ORD-11212,31-10-2024,East,Corporate,Furniture,Tables,6,0.5,1679.75,-340.12
ORD-11764,07-10-2025,East,Consumer,Office Supplies,Binders,6,0.1,267.71,59.11
ORD-10324,11-01-2024,South,Consumer,Office Supplies,Paper,2,0.0,56.55,15.17
ORD-10657,16-03-2024,South,Corporate,Office Supplies,Binders,3,0.1,65.02,13.05
ORD-11755,24-06-2024,Central,Corporate,Office Supplies,Storage,3,0.1,385.31,92.78
ORD-11859,27-06-2025,East,Consumer,Office Supplies,Art,5,0.1,82.23,13.1
ORD-10714,19-12-2025,Central,Corporate,Furniture,Chairs,3,0.1,894.33,54.75
ORD-11878,23-12-2025,West,Corporate,Office Supplies,Storage,5,0.0,823.0,176.3
ORD-11931,27-08-2024,North,Consumer,Furniture,Furnishings,3,0.0,168.65,52.87
ORD-11599,15-03-2025,North,Consumer,Technology,Laptops,4,0.1,3786.83,755.78
ORD-10079,05-12-2025,West,Consumer,Office Supplies,Storage,3,0.1,545.15,45.15
ORD-11854,24-06-2024,Central,Consumer,Technology,Laptops,6,0.0,5351.25,1537.4
ORD-11894,14-04-2025,West,Consumer,Office Supplies,Art,1,0.0,13.87,3.27
ORD-10687,01-10-2024,North,Corporate,Technology,Phones,2,0.0,770.31,134.45
ORD-10166,08-12-2024,Central,Consumer,Technology,Phones,3,0.1,1314.97,123.7
ORD-11630,03-10-2025,Central,Consumer,Technology,Phones,1,0.1,519.38,77.73
ORD-10229,17-06-2024,West,Corporate,Furniture,Tables,7,0.5,1362.27,-235.52
ORD-11973,14-08-2025,North,Small Business,Technology,Laptops,7,0.0,6936.54,1455.08
ORD-11800,03-12-2025,West,Consumer,Office Supplies,Storage,5,0.0,1085.91,296.35
ORD-10740,29-09-2025,North,Consumer,Office Supplies,Binders,6,0.1,177.12,32.08
ORD-10100,21-08-2024,north,Consumer,Furniture,Bookcases,1,0.0,350.26,65.73
ORD-10290,29-03-2024,Central,Consumer,Furniture,Tables,3,0.3,1095.92,-108.68
ORD-10444,19-01-2025,Central,Corporate,Furniture,Bookcases,8,0.0,,1026.8
ORD-10878,02-01-2025,Central,Corporate,Office Supplies,Storage,6,0.0,813.15,219.51
ORD-11455,15-09-2025,East,Corporate,Office Supplies,Storage,5,0.0,717.73,247.62
ORD-11077,09-10-2025,North,Consumer,Office Supplies,Binders,5,0.2,190.43,27.47
ORD-10739,13-03-2025,West,Consumer,Furniture,Bookcases,4,0.1,1175.32,81.6
ORD-10391,11-11-2025,West,Small Business,Furniture,Tables,3,0.4,1309.36,-89.04
ORD-10086,21-10-2025,West,Consumer,Technology,Printers,7,0.0,2851.26,584.41
ORD-11817,13-10-2025,Central,Consumer,Technology,Printers,5,0.0,,531.8
ORD-10666,16-12-2025,South,Consumer,Technology,Accessories,5,0.0,497.26,90.62
ORD-11275,26-05-2024,North,Corporate,Technology,Phones,2,0.1,619.34,136.37
ORD-11523,16-03-2025,,Consumer,Office Supplies,Art,5,0.0,86.61,14.02
ORD-11832,16-09-2024,South,Consumer,Furniture,Bookcases,1,0.0,339.28,112.65
ORD-10475,12-10-2025,North,Consumer,Office Supplies,Paper,1,0.1,35.42,4.71
ORD-11694,02-06-2025,West,Small Business,Technology,Laptops,2,0.1,1498.7,286.83
ORD-11295,20-03-2025,West,Corporate,Furniture,Chairs,5,0.1,1192.37,125.04
ORD-10044,30-03-2025,Central,Small Business,Office Supplies,Storage,1,0.2,89.65,-0.23
ORD-10788,02-09-2025,West,Consumer,Office Supplies,Binders,3,0.0,107.49,27.72
ORD-11002,24-08-2024,West,Corporate,Office Supplies,Storage,5,0.2,455.26,61.11
ORD-11137,29-04-2025,South,Consumer,Office Supplies,Storage,4,0.0,520.17,155.55
ORD-10024,17-01-2024,West,Consumer,Technology,Laptops,3,0.0,2874.59,485.5
ORD-11235,25-05-2025,South,Corporate,Office Supplies,Paper,8,0.1,163.11,26.33
ORD-11644,02-12-2024,West,Corporate,Office Supplies,Binders,6,0.0,216.37,39.51
ORD-10832,19-02-2024,Central,Consumer,Office Supplies,Binders,7,0.0,227.59,72.64
ORD-11193,27-08-2025,Central,Consumer,Office Supplies,Binders,1,0.0,27.19,5.91
ORD-10591,29-07-2024,Central,Consumer,Furniture,Bookcases,7,0.0,2128.24,681.22
ORD-11724,10-09-2024,South,Consumer,Office Supplies,Storage,8,0.1,742.89,66.13
ORD-10973,05-08-2024,East,Consumer,Office Supplies,Art,4,0.0,68.17,21.44
ORD-11620,23-03-2025,North,Corporate,Office Supplies,Storage,4,0.0,528.74,155.6
ORD-11544,10-08-2024,South,Consumer,Furniture,Tables,3,0.5,764.97,-198.9
ORD-11056,07-09-2024,East,Small Business,Furniture,Chairs,3,0.0,654.49,222.8
ORD-11635,13-05-2024,,Consumer,Furniture,Chairs,6,0.0,1156.19,374.08
ORD-10109,22-03-2025,West,Corporate,Technology,Accessories,5,0.0,457.59,130.65
ORD-11160,08-08-2024,Central,Consumer,Technology,Phones,7,0.0,2192.59,397.78
ORD-11354,06-09-2025,Central,Small Business,Office Supplies,Art,1,0.2,10.95,1.4
ORD-10222,06-05-2025,South,Corporate,Furniture,Tables,5,0.5,1388.43,-162.96
ORD-11052,10-05-2025,East,Consumer,Furniture,Chairs,7,0.0,1965.21,311.62
ORD-11311,25-01-2025,West,Consumer,Furniture,Tables,6,0.3,2343.54,174.21
ORD-10722,09-07-2025,West,Small Business,Office Supplies,Storage,8,0.0,860.3,192.05
ORD-10055,24-04-2025,East,Small Business,Office Supplies,Art,3,0.0,41.05,6.58
ORD-11782,24-11-2025,West,Small Business,Office Supplies,Paper,3,0.2,91.54,0.7
ORD-10253,14-12-2024,South,Corporate,Technology,Phones,8,0.0,3567.82,567.97
ORD-11937,27-12-2025,West,Consumer,Furniture,Bookcases,7,0.0,2962.12,593.33
ORD-11072,13-06-2024,South,Corporate,Furniture,Bookcases,8,0.0,2240.03,660.99
ORD-11619,19-01-2024,North,Consumer,Office Supplies,Storage,8,0.2,630.47,69.86
ORD-11492,20-07-2024,West,Small Business,Furniture,Tables,7,0.4,1744.69,-69.78
ORD-10642,01-08-2024,South,Consumer,Office Supplies,Storage,5,0.1,479.93,65.99
ORD-10545,25-01-2024,North,Corporate,Technology,Phones,7,0.0,2335.34,469.5
ORD-10477,14-04-2025,East,Consumer,Office Supplies,Binders,8,0.0,235.44,80.76
ORD-10949,26-04-2025,East,Corporate,Furniture,Bookcases,5,0.0,1697.9,442.77
ORD-11571,22-04-2024,NORTH,Consumer,Technology,Laptops,2,0.1,1684.06,112.17
ORD-10843,09-04-2024,East,Corporate,Furniture,Furnishings,4,0.0,252.1,44.54
ORD-10063,06-03-2025,North,Corporate,Furniture,Tables,8,0.4,2391.63,-275.45
ORD-10413,16-02-2024,West,Small Business,Office Supplies,Art,1,0.1,15.27,3.16
ORD-10384,09-02-2025,,Corporate,Office Supplies,Art,8,0.1,104.56,7.53
ORD-11925,01-05-2025,Central,Consumer,Technology,Laptops,1,0.0,864.63,299.96
ORD-10974,08-11-2024,Central,Consumer,Furniture,Furnishings,8,0.0,609.25,137.56
ORD-11346,23-12-2025,North,Consumer,Furniture,Bookcases,5,0.0,2034.95,691.31
ORD-10884,28-12-2024,Central,Consumer,Technology,Laptops,1,0.0,1242.54,341.2
ORD-10451,11-02-2025,East,Consumer,Office Supplies,Paper,2,0.0,66.86,11.04
ORD-11804,02-03-2024,East,Corporate,Technology,Phones,2,0.0,653.35,222.65
ORD-11258,08-09-2025,East,Corporate,Furniture,Furnishings,8,0.0,436.91,73.03
ORD-10656,20-04-2025,East,Consumer,Office Supplies,Art,2,0.0,29.04,6.29
ORD-11581,04-08-2024,North,Small Business,Office Supplies,Binders,8,0.0,241.75,73.72
ORD-11486,15-11-2025,East,Corporate,Office Supplies,Paper,4,0.0,150.64,38.53
ORD-11448,22-09-2024,West,Corporate,Office Supplies,Paper,4,0.0,88.73,30.4
ORD-11485,24-06-2025,East,Corporate,Office Supplies,Art,6,0.1,77.55,5.87
ORD-11327,31-03-2025,East,Consumer,Technology,Printers,3,0.0,929.06,226.93
ORD-10369,28-03-2024,NORTH,Consumer,Office Supplies,Binders,5,0.0,134.69,39.9
ORD-10689,23-10-2024,North,Consumer,Office Supplies,Binders,2,0.1,70.13,13.0
ORD-10219,01-11-2025,North,Small Business,Furniture,Furnishings,4,0.1,372.45,39.31
ORD-11904,20-06-2024,West,Consumer,Office Supplies,Storage,4,0.0,450.9,76.11
ORD-11320,17-10-2024,South,Consumer,Technology,Accessories,3,0.0,304.13,54.14
ORD-10021,19-03-2024,East,Consumer,Office Supplies,Storage,3,0.0,419.91,66.13
ORD-10760,15-05-2025,West,Small Business,Office Supplies,Art,4,0.1,57.05,7.43
ORD-10869,07-07-2024,East,Consumer,Technology,Printers,6,0.2,1000.14,142.79
ORD-10420,17-02-2025,Central,Corporate,Office Supplies,Storage,1,0.1,141.85,34.69
ORD-11349,19-09-2024,East,Corporate,Technology,Laptops,1,0.0,723.34,108.9
ORD-10199,03-04-2025,North,Small Business,Furniture,Bookcases,3,0.1,996.93,114.17
ORD-10450,09-09-2024,Central,,Office Supplies,Paper,4,0.0,101.15,32.94
ORD-11161,17-06-2024,West,Small Business,Office Supplies,Art,2,0.1,28.25,3.55
ORD-11019,29-01-2025,North,Small Business,Furniture,Bookcases,1,0.1,342.42,50.53
ORD-11560,29-07-2025,Central,Consumer,Technology,Accessories,2,0.0,212.48,71.53
ORD-10911,20-01-2025,West,Corporate,Technology,Phones,7,0.0,2958.89,726.5
ORD-10696,26-07-2025,East,Consumer,Technology,Printers,2,0.0,648.78,137.17
ORD-11741,15-09-2024,Central,Consumer,Technology,Printers,8,0.2,1487.35,93.22
ORD-11670,12-01-2024,South,Consumer,Office Supplies,Storage,5,0.0,616.67,132.43
ORD-10811,11-08-2025,East,Consumer,Office Supplies,Storage,7,0.0,1023.95,211.55
ORD-11652,23-10-2024,East,Small Business,Furniture,Chairs,2,0.0,612.28,178.08
ORD-11236,24-07-2025,South,Consumer,Office Supplies,Paper,3,0.1,80.1,5.93
ORD-11072,13-06-2024,South,Corporate,Furniture,Bookcases,8,0.0,2240.03,660.99
ORD-10910,11-06-2024,East,Small Business,Furniture,Furnishings,2,0.2,81.56,-2.22
ORD-11521,13-07-2024,North,Corporate,Furniture,Chairs,8,0.2,1325.34,74.38
ORD-11049,10-01-2025,South,Consumer,Office Supplies,Paper,2,0.0,58.18,19.58
ORD-10505,13-05-2025,Central,Corporate,Technology,Laptops,3,0.1,2876.98,522.53
ORD-11843,21-11-2024,West,Small Business,Office Supplies,Storage,7,0.1,1186.05,284.81
ORD-11255,15-12-2025,East,Consumer,Furniture,Furnishings,7,0.1,505.73,94.73
ORD-10405,24-03-2024,South,Consumer,Furniture,Furnishings,2,0.1,114.88,24.38
ORD-11753,08-11-2024,West,Consumer,Technology,Phones,2,0.0,1051.48,288.69
ORD-11592,08-03-2025,East,Consumer,Office Supplies,Binders,5,0.0,140.41,46.98
ORD-10317,31-10-2024,North ,Corporate,Office Supplies,Paper,4,0.0,137.02,23.49
ORD-10183,26-03-2024,East,Small Business,Office Supplies,Paper,8,0.1,148.31,13.52
ORD-11120,29-11-2024,North,Small Business,Furniture,Bookcases,7,0.1,2327.28,148.58
ORD-11886,18-03-2024,North,Corporate,Office Supplies,Storage,8,0.1,830.65,164.15
ORD-11717,10-10-2025,South,Corporate,Technology,Phones,7,0.1,3140.15,530.35
ORD-10609,19-10-2025,South,Consumer,Office Supplies,Paper,8,0.1,229.62,52.79
ORD-10626,22-01-2024,South,Small Business,Furniture,Chairs,5,0.2,873.85,69.02
ORD-10485,05-10-2024,East,Corporate,Office Supplies,Binders,3,0.1,89.18,7.0
ORD-10278,11-09-2024,South,Consumer,Furniture,Tables,5,0.3,1967.39,-193.49
ORD-10630,09-06-2024,West,Consumer,Office Supplies,Art,8,0.1,128.17,15.86
ORD-10020,08-08-2024,West,Corporate,Office Supplies,Storage,2,0.1,182.18,21.18
ORD-10170,27-09-2024,North,Corporate,Office Supplies,Binders,5,0.0,140.74,23.77
ORD-11425,24-12-2025,North,Small Business,Furniture,Tables,8,0.3,4664.13,-531.5
ORD-10901,11-01-2024,East,Corporate,Office Supplies,Art,6,0.1,92.7,19.37
ORD-11039,14-05-2024,North,Consumer,Furniture,Bookcases,8,0.1,2236.69,149.16
ORD-11590,11-12-2024,North,Small Business,Technology,Printers,7,0.1,2239.46,393.2
ORD-10176,04-12-2025,East,Corporate,Furniture,Furnishings,5,0.0,430.82,134.5
ORD-10327,09-08-2025,South,Consumer,Office Supplies,Storage,7,0.1,714.91,180.03
ORD-10706,30-10-2024,West,Small Business,Technology,Laptops,7,0.0,7066.86,2332.33
ORD-11222,17-10-2024,West,Corporate,Technology,Printers,3,0.0,1191.41,260.41
ORD-10470,12-04-2024,West,Corporate,Technology,Accessories,4,0.1,259.97,19.43
ORD-11873,15-06-2024,East,Consumer,Office Supplies,Art,8,0.0,119.51,37.46
ORD-11718,01-12-2025,West,Consumer,Office Supplies,Binders,4,0.0,187.06,43.98
ORD-10266,26-11-2024,East,Corporate,Furniture,Tables,1,0.5,318.37,-71.45
ORD-10615,19-07-2024,South,Corporate,Office Supplies,Art,6,0.0,77.67,12.19
ORD-11756,07-03-2025,South,Consumer,Office Supplies,Storage,7,0.0,999.11,152.07
ORD-11516,06-07-2025,East,Consumer,Furniture,Tables,1,0.5,307.2,-53.83
ORD-10130,11-02-2024,North ,Small Business,Furniture,Furnishings,3,0.1,169.95,37.17
ORD-10865,05-10-2024,North,Consumer,Furniture,Bookcases,2,0.0,924.71,300.61
ORD-11965,03-01-2024,Central,Small Business,Technology,Phones,6,0.0,2135.59,556.31
ORD-11362,07-11-2024,East,Corporate,Office Supplies,Paper,5,0.0,182.47,28.34
ORD-11882,18-11-2025,South,Consumer,Furniture,Bookcases,7,0.1,2662.03,470.62
ORD-10489,13-12-2024,East,,Office Supplies,Art,5,0.0,106.85,34.21
ORD-11596,16-07-2024,West,Corporate,Technology,Laptops,8,0.1,6022.75,1428.79
ORD-10606,04-09-2024,,Small Business,Technology,Laptops,5,0.1,4838.28,967.58
ORD-11217,22-11-2025,North,Corporate,Office Supplies,Binders,1,0.0,43.2,7.42
ORD-11164,11-07-2024,East,Small Business,Furniture,Chairs,7,0.1,1596.91,412.71
ORD-10416,18-02-2024,West,Corporate,Office Supplies,Paper,1,0.1,18.69,4.81
ORD-11684,23-05-2025,Central,Consumer,Office Supplies,Art,1,0.0,15.75,3.43
ORD-11500,02-11-2024,Central,Consumer,Technology,Printers,1,0.0,345.74,87.73
ORD-11738,25-10-2024,North,Consumer,Office Supplies,Binders,8,0.0,312.97,102.46
ORD-10152,07-01-2025,North,Corporate,Technology,Laptops,1,0.0,806.61,245.96
ORD-10889,11-01-2024,East,Consumer,Office Supplies,Art,2,0.1,28.05,3.54
ORD-10849,11-10-2024,East,,Office Supplies,Binders,6,0.0,243.67,78.19
ORD-10279,23-07-2024,South,Consumer,Furniture,Chairs,3,0.0,578.94,131.44
ORD-11034,25-02-2025,East,Consumer,Furniture,Tables,7,0.3,3126.48,58.26
ORD-10269,21-11-2024,Central,Consumer,Furniture,Furnishings,3,0.0,247.57,53.79
ORD-10096,09-04-2025,South,Consumer,Furniture,Furnishings,1,0.1,49.85,5.05
ORD-10210,24-06-2025,,Corporate,Office Supplies,Storage,2,0.0,302.34,100.58
ORD-11532,01-07-2025,South,,Technology,Laptops,4,0.1,3032.72,259.33
ORD-11776,11-07-2024,Central,Consumer,Office Supplies,Paper,1,0.0,28.35,5.92
ORD-10569,28-03-2025,North ,Corporate,Office Supplies,Storage,1,0.0,110.69,28.8
ORD-11974,20-01-2025,North,Corporate,Furniture,Bookcases,8,0.0,2711.93,829.64
ORD-11837,09-02-2024,East,Consumer,Technology,Laptops,8,0.0,8457.24,2028.81
ORD-11799,29-09-2025,North,Corporate,Office Supplies,Art,8,0.0,114.49,39.93
ORD-10871,13-01-2024,,Consumer,Technology,Printers,5,0.0,1099.49,200.08
ORD-11572,18-08-2025,,Consumer,Technology,Printers,4,0.0,978.99,236.35
ORD-11566,17-05-2024,,Corporate,Technology,Accessories,8,0.0,593.82,153.89
ORD-10532,02-07-2025,South,Corporate,Furniture,Bookcases,8,0.0,2429.74,493.27
ORD-11971,24-03-2025,West,Consumer,Technology,Accessories,2,0.0,172.24,33.5
ORD-11356,25-03-2024,East,Consumer,Office Supplies,Paper,8,0.0,179.47,42.15
ORD-11099,11-08-2024,North,Small Business,Office Supplies,Binders,6,0.0,174.86,45.26
ORD-10712,13-10-2024,West,Consumer,Furniture,Chairs,5,0.0,1398.67,273.16
ORD-10077,19-01-2024,East,,Furniture,Chairs,3,0.0,772.85,163.46
ORD-10263,08-09-2025,North,Small Business,Technology,Phones,3,0.2,920.63,92.21
ORD-11547,09-02-2024,West,Consumer,Office Supplies,Paper,8,0.0,167.63,53.4
ORD-10149,10-03-2024,East,Consumer,Technology,Accessories,1,0.2,69.83,2.35
ORD-11970,06-07-2025,West,Consumer,Technology,Printers,3,0.0,926.77,216.9
ORD-11538,21-05-2024,South,Consumer,Furniture,Chairs,4,0.0,911.75,243.06
ORD-11979,11-11-2024,South,Corporate,Office Supplies,Storage,5,0.0,920.59,276.12
ORD-10469,03-09-2025,South,Consumer,Technology,Accessories,5,0.1,372.04,32.77
ORD-10564,13-11-2025,East,Consumer,Furniture,Chairs,8,0.0,3097.32,1080.52
ORD-11798,06-05-2025,East,Corporate,Office Supplies,Storage,1,0.0,128.78,43.01
ORD-10461,28-12-2024,Central,Corporate,Office Supplies,Art,6,0.1,122.91,14.21
ORD-11277,02-09-2025,Central,Small Business,Technology,Laptops,4,0.1,3013.43,762.87
ORD-10896,25-06-2024,East,Corporate,Office Supplies,Storage,7,0.0,797.93,233.69
ORD-11795,16-01-2025,West,Corporate,Office Supplies,Art,6,0.0,119.58,36.68
ORD-11869,19-02-2025,West,Small Business,Office Supplies,Art,4,0.0,76.27,25.38
ORD-11393,27-04-2024,East,Consumer,Technology,Laptops,7,0.0,6987.79,2226.06
ORD-11345,28-04-2025,North,Consumer,Technology,Laptops,5,0.1,5212.84,534.51
ORD-10695,10-06-2025,,Small Business,Office Supplies,Art,8,0.1,105.37,26.5
ORD-11175,31-05-2025,,Consumer,Office Supplies,Binders,1,0.0,36.99,8.46
ORD-11752,03-04-2025,East,Corporate,Office Supplies,Paper,3,0.0,74.78,14.18
ORD-10928,14-07-2024,North,Corporate,Furniture,Bookcases,2,0.0,509.73,140.27
ORD-11326,26-01-2025,East,Consumer,Furniture,Bookcases,8,0.1,2802.97,461.25
ORD-11214,07-10-2024,East,Consumer,Office Supplies,Art,5,0.0,107.69,22.45
ORD-10586,20-02-2025,South,Consumer,Furniture,Chairs,7,0.1,1647.57,272.83
ORD-11372,23-10-2025,East,Consumer,Office Supplies,Art,1,0.0,25.07,6.95
ORD-10243,13-04-2025,Central,Corporate,Technology,Phones,4,0.1,1361.67,144.52
ORD-11817,13-10-2025,Central,Consumer,Technology,Printers,5,0.0,,531.8
ORD-11111,12-05-2025,South,Consumer,Office Supplies,Storage,6,0.0,866.32,240.31
ORD-10751,20-10-2025,North,Consumer,Furniture,Bookcases,5,0.0,2589.23,814.92
ORD-11679,09-09-2024,West,Corporate,Furniture,Bookcases,8,0.1,1947.31,206.81
ORD-11946,09-02-2024,Central,Consumer,Office Supplies,Art,5,0.0,82.25,14.18
ORD-11802,10-05-2024,West,Consumer,Furniture,Chairs,1,0.0,251.23,44.25
ORD-11442,27-11-2025,East,Small Business,Office Supplies,Binders,6,0.2,255.33,14.13
ORD-11312,02-07-2025,West,Consumer,Office Supplies,Binders,5,0.0,180.15,34.41
ORD-10648,24-12-2025,East,Consumer,Office Supplies,Paper,4,0.0,130.69,42.6
ORD-11190,02-08-2025,North,Consumer,Furniture,Bookcases,1,0.0,284.7,82.34
ORD-10595,11-07-2025,West,Small Business,Technology,Accessories,5,0.0,402.35,93.65
ORD-10313,22-06-2024,West,Small Business,Office Supplies,Binders,1,0.0,25.81,4.12
ORD-10933,01-06-2025,East,Corporate,Technology,Laptops,1,0.0,1074.67,226.45
ORD-10155,01-06-2024,North,Consumer,Furniture,Bookcases,6,0.0,1981.07,331.23
ORD-11380,22-05-2025,South,Consumer,Office Supplies,Art,5,0.0,95.69,15.25
ORD-11405,24-12-2025,,Small Business,Technology,Accessories,7,0.1,803.02,59.77
ORD-11303,31-12-2024,East,Consumer,Furniture,Chairs,5,0.2,978.88,-18.01
ORD-11150,25-05-2025,North,Consumer,Technology,Laptops,2,0.0,1998.2,351.13
ORD-10999,27-01-2024,West,Small Business,Office Supplies,Art,8,0.2,101.14,16.72
ORD-11731,02-05-2024,West,Consumer,Furniture,Tables,7,0.4,1944.71,-118.56
ORD-11801,30-11-2024,NORTH,Corporate,Office Supplies,Art,5,0.1,78.9,19.61
ORD-11046,08-05-2025,North,Consumer,Technology,Accessories,6,0.0,605.05,193.08
ORD-11640,16-06-2025,Central,Consumer,Office Supplies,Paper,7,0.1,208.09,52.69
ORD-11689,03-01-2025,West,Corporate,Office Supplies,Binders,5,0.0,174.69,51.02
ORD-11306,16-09-2024,North,Small Business,Office Supplies,Binders,3,0.1,92.86,19.94
ORD-11927,24-08-2024,South,Corporate,Office Supplies,Binders,3,0.1,80.05,17.43
ORD-11495,17-03-2024,West,Consumer,Furniture,Furnishings,8,0.0,426.69,65.2
ORD-11762,21-12-2025,North,Consumer,Technology,Laptops,4,0.1,5617.5,383.46
ORD-11391,21-04-2025,North,Consumer,Office Supplies,Art,8,0.0,113.4,32.79
ORD-10025,25-06-2024,North,Corporate,Office Supplies,Art,8,0.1,91.7,8.31
ORD-10196,08-06-2025,East,Corporate,Office Supplies,Binders,4,0.1,136.55,29.54
ORD-11088,21-12-2025,North,Small Business,Office Supplies,Paper,1,0.1,34.29,4.61
ORD-10015,18-09-2025,East,Corporate,Furniture,Chairs,4,0.1,978.77,143.31
ORD-11490,25-07-2025,NORTH,Corporate,Furniture,Furnishings,3,0.0,171.49,36.23
ORD-11321,30-04-2024,West,Consumer,Technology,Laptops,6,0.0,5126.57,1507.96
ORD-10883,25-11-2024,East,Consumer,Technology,Printers,5,0.1,1300.74,290.88
ORD-10621,18-02-2025,East,Consumer,Office Supplies,Binders,4,0.0,117.94,31.62
ORD-11360,03-02-2025,West,Consumer,Technology,Phones,7,0.0,2576.79,729.61
ORD-11844,13-06-2024,North,Small Business,Office Supplies,Art,2,0.0,33.02,11.09
ORD-11050,22-05-2025,West,Consumer,Office Supplies,Art,6,0.0,116.39,36.96
ORD-11612,08-07-2024,East,Consumer,Office Supplies,Storage,7,0.2,706.46,52.24
ORD-11067,16-12-2025,North,Corporate,Furniture,Bookcases,5,0.0,2711.68,740.43
ORD-10497,03-03-2024,East,Small Business,Office Supplies,Art,6,0.2,81.68,1.24
ORD-10792,04-10-2024,North,Corporate,Office Supplies,Art,7,0.1,145.8,29.25
ORD-10964,08-11-2025,West,Consumer,Office Supplies,Paper,8,0.0,306.19,50.37
ORD-10515,10-08-2024,East,Consumer,Technology,Accessories,2,0.0,161.2,45.47
ORD-11994,03-09-2025,South,Corporate,Technology,Laptops,7,0.0,7816.33,1997.88
ORD-11585,22-10-2024,South,Consumer,Furniture,Furnishings,8,0.1,657.69,107.61
ORD-11941,13-06-2024,Central,Consumer,Office Supplies,Storage,7,0.1,781.31,183.18
ORD-11478,16-01-2025,North,Consumer,Office Supplies,Paper,7,0.2,150.38,10.58
ORD-11411,02-07-2025,West,Small Business,Technology,Phones,1,0.0,328.82,82.13
ORD-11095,12-09-2024,East,Consumer,Office Supplies,Storage,1,0.1,97.19,24.28
ORD-10542,16-01-2025,South,Small Business,Office Supplies,Art,3,0.1,53.54,12.71
ORD-10456,03-08-2025,South,Corporate,Technology,Laptops,3,0.0,2950.47,768.5
ORD-10633,25-10-2024,East,Corporate,Office Supplies,Art,1,0.0,21.02,5.59
ORD-10431,30-04-2025,North,Corporate,Furniture,Bookcases,6,0.0,1639.9,276.89
ORD-10627,12-11-2025,East,Consumer,Furniture,Tables,8,0.5,,-576.74
ORD-11677,31-07-2024,West,Corporate,Office Supplies,Storage,2,0.1,217.08,43.06
ORD-10728,15-09-2025,West,Consumer,Office Supplies,Paper,3,0.0,77.49,26.42
ORD-11288,20-12-2025,West,Consumer,Office Supplies,Paper,6,0.0,257.47,87.88
ORD-10209,04-05-2024,South,Small Business,Technology,Laptops,2,0.0,1580.53,537.16
ORD-10316,28-05-2024,Central,Corporate,Office Supplies,Binders,7,0.0,214.69,46.36
ORD-11920,15-04-2025,South,Small Business,Office Supplies,Binders,2,0.0,59.45,15.85
ORD-10513,14-04-2024,South,Corporate,Furniture,Bookcases,4,0.1,1214.05,201.62
ORD-11337,25-11-2024,North,Consumer,Technology,Laptops,3,0.0,3371.44,657.08
ORD-11558,11-02-2024,North,Consumer,Office Supplies,Art,2,0.0,32.84,7.16
ORD-10829,13-02-2025,West,Corporate,Office Supplies,Storage,2,0.2,215.44,7.95
ORD-10319,20-05-2025,West,Corporate,Furniture,Chairs,1,0.1,233.44,52.67
ORD-11031,24-07-2025,North,Corporate,Office Supplies,Binders,5,0.2,125.77,-3.0
ORD-11417,03-05-2024,West,Small Business,Furniture,Tables,8,0.5,2293.73,-407.43
ORD-10141,20-11-2024,East,Consumer,Office Supplies,Art,3,0.1,64.21,7.99
ORD-11110,10-05-2025,North,Corporate,Technology,Accessories,2,0.2,162.53,21.95
ORD-11888,30-11-2024,East,Small Business,Office Supplies,Binders,1,0.1,34.59,4.95
ORD-11502,03-12-2024,North,Small Business,Furniture,Chairs,7,0.0,2339.25,553.97
ORD-11527,09-03-2025,North,Consumer,Office Supplies,Storage,8,0.0,1225.24,291.97
ORD-10753,19-12-2025,West,Small Business,Office Supplies,Binders,3,0.0,146.21,27.73
ORD-11001,11-09-2025,South,Consumer,Technology,Phones,6,0.1,1829.33,312.62
ORD-11239,02-09-2024,East,Small Business,Furniture,Chairs,2,0.0,382.28,89.37
ORD-10580,23-10-2025,North,Consumer,Technology,Printers,4,0.0,1836.17,596.76
ORD-10562,05-01-2025,North,Consumer,Office Supplies,Paper,7,0.1,174.88,40.66
ORD-10398,13-09-2025,South,Consumer,Furniture,Tables,3,0.5,839.44,-241.01
ORD-11949,18-09-2024,North,Consumer,Office Supplies,Art,7,0.2,82.82,12.34
ORD-10668,19-11-2025,North,Consumer,Technology,Phones,4,0.0,2526.88,625.64
ORD-11514,12-05-2025,West,Consumer,Furniture,Chairs,4,0.0,1045.82,339.62
ORD-10252,17-10-2025,Central,Consumer,Technology,Accessories,2,0.1,231.66,41.67
ORD-10907,18-02-2025,East,Consumer,Office Supplies,Storage,4,0.0,524.25,102.38
ORD-10468,17-03-2025,West,Small Business,Technology,Accessories,6,0.0,624.59,215.28
ORD-10914,06-02-2025,South,Small Business,Technology,Laptops,5,0.0,4372.78,1453.63
ORD-10357,21-09-2025,,Corporate,Furniture,Chairs,1,0.0,219.43,76.4
ORD-11278,14-06-2024,North,Corporate,Office Supplies,Storage,3,0.0,421.62,97.15
ORD-11300,08-01-2025,East,Consumer,Technology,Phones,7,0.0,2848.13,532.36
ORD-11202,26-03-2024,East,Consumer,Office Supplies,Art,4,0.2,49.09,1.61
ORD-11305,28-08-2025,North,Consumer,Technology,Printers,2,0.0,666.72,147.14
ORD-11414,05-01-2024,North,Corporate,Office Supplies,Paper,7,0.0,168.54,47.85
ORD-10508,06-01-2024,South,Corporate,Furniture,Furnishings,6,0.0,424.69,111.59
ORD-10749,06-05-2024,North,Consumer,Technology,Printers,7,0.0,1881.19,287.89
ORD-11607,09-06-2025,Central,Consumer,Furniture,Furnishings,7,0.0,389.57,94.77
ORD-11996,26-06-2024,West,Consumer,Furniture,Chairs,6,0.0,1448.72,341.24
ORD-10129,21-08-2025,Central,Consumer,Office Supplies,Binders,2,0.0,73.69,13.31
ORD-10144,22-09-2024,North,Consumer,Technology,Laptops,5,0.1,3594.55,834.35
ORD-10960,19-10-2025,,Corporate,Office Supplies,Binders,1,0.1,44.25,6.13
ORD-10847,06-09-2024,North,Consumer,Office Supplies,Art,1,0.1,13.65,2.96
ORD-11669,16-06-2025,West,Consumer,Technology,Printers,6,0.0,2063.59,349.71
ORD-10715,20-08-2025,East,Corporate,Office Supplies,Binders,3,0.1,106.25,13.97
ORD-10905,19-06-2024,North,Small Business,Technology,Printers,7,0.0,1694.84,292.31
ORD-11791,08-11-2025,West,Corporate,Office Supplies,Binders,7,0.0,269.06,93.79
ORD-11096,22-09-2025,West,Consumer,Office Supplies,Art,4,0.0,61.23,13.4
ORD-11932,02-01-2025,West,Small Business,Office Supplies,Storage,4,0.0,561.44,194.46
ORD-10235,16-05-2025,South,Consumer,Technology,Phones,8,0.0,3583.08,1085.69
ORD-11061,21-08-2024,East,Consumer,Office Supplies,Binders,7,0.1,151.28,22.07
